-- phpMyAdmin SQL Dump
-- version 4.8.5
-- https://www.phpmyadmin.net/
--
-- 主机： localhost
-- 生成日期： 2020-05-29 00:22:04
-- 服务器版本： 5.7.26
-- PHP 版本： 7.1.9

SET SQL_MODE = "NO_AUTO_VALUE_ON_ZERO";
SET AUTOCOMMIT = 0;
START TRANSACTION;
SET time_zone = "+00:00";


/*!40101 SET @OLD_CHARACTER_SET_CLIENT=@@CHARACTER_SET_CLIENT */;
/*!40101 SET @OLD_CHARACTER_SET_RESULTS=@@CHARACTER_SET_RESULTS */;
/*!40101 SET @OLD_COLLATION_CONNECTION=@@COLLATION_CONNECTION */;
/*!40101 SET NAMES utf8mb4 */;

--
-- 数据库： `store`
--

-- --------------------------------------------------------

--
-- 表的结构 `cate`
--

CREATE TABLE `cate` (
  `cid` int(11) NOT NULL,
  `cname` varchar(255) NOT NULL
) ENGINE=MyISAM DEFAULT CHARSET=utf8;

--
-- 转存表中的数据 `cate`
--

INSERT INTO `cate` (`cid`, `cname`) VALUES
(1, '手机'),
(2, '电脑'),
(3, '图书'),
(4, '家居'),
(5, '艺术'),
(6, '宠物'),
(7, '男装'),
(8, '女装'),
(9, '食品'),
(10, '电器');

-- --------------------------------------------------------

--
-- 表的结构 `cate_s`
--

CREATE TABLE `cate_s` (
  `sid` int(11) NOT NULL,
  `cid` int(11) NOT NULL,
  `sname` varchar(255) NOT NULL
) ENGINE=MyISAM DEFAULT CHARSET=utf8;

--
-- 转存表中的数据 `cate_s`
--

INSERT INTO `cate_s` (`sid`, `cid`, `sname`) VALUES
(35, 2, '处理器'),
(34, 2, '服务器'),
(33, 2, '台式机'),
(32, 2, '笔记本'),
(31, 2, '键盘'),
(30, 1, '诺基亚'),
(29, 1, '努比亚'),
(28, 1, '三星'),
(27, 1, 'Apple'),
(26, 1, 'OPPO'),
(25, 1, 'vivo'),
(24, 1, '魅族'),
(23, 1, '华为'),
(22, 1, '小米'),
(21, 1, '一加'),
(36, 2, '显卡'),
(37, 2, '鼠标'),
(38, 2, '硬盘'),
(39, 3, '小说'),
(40, 3, '文学'),
(41, 3, '传记'),
(42, 3, '科幻'),
(43, 4, '床品套件'),
(44, 4, '被子被芯'),
(45, 4, '毛巾浴巾'),
(46, 5, '油画'),
(47, 5, '版画'),
(48, 5, '雕塑'),
(49, 6, '狗狗'),
(50, 6, '猫猫'),
(51, 6, '水族'),
(52, 6, '异宠'),
(53, 7, '牛仔裤'),
(54, 7, '卫衣'),
(55, 7, 'T恤'),
(56, 8, 'T恤'),
(57, 8, '衬衫'),
(58, 8, '套装裙'),
(59, 9, '进口食品'),
(60, 9, '休闲食品'),
(61, 9, '茗茶'),
(62, 9, '饮料冲调'),
(63, 9, '粮油调味'),
(64, 10, '电视'),
(65, 10, '冰箱'),
(66, 10, '洗衣机'),
(67, 10, '空调');

-- --------------------------------------------------------

--
-- 表的结构 `complaints`
--

CREATE TABLE `complaints` (
  `comp_id` int(11) NOT NULL COMMENT '投诉id',
  `creator_id` int(11) NOT NULL COMMENT '发起人id',
  `time` int(11) NOT NULL COMMENT '投诉时间',
  `content` text NOT NULL COMMENT '投诉内容',
  `save` text NOT NULL COMMENT '保留字段'
) ENGINE=InnoDB DEFAULT CHARSET=utf8;

-- --------------------------------------------------------

--
-- 表的结构 `consultions`
--

CREATE TABLE `consultions` (
  `id` int(11) NOT NULL COMMENT '咨询id',
  `title` text NOT NULL COMMENT '咨询标题',
  `content` longtext NOT NULL COMMENT '咨询内容',
  `creator_id` int(11) NOT NULL COMMENT '发起人id',
  `shop_id` int(11) NOT NULL COMMENT '商户id',
  `status` int(11) NOT NULL COMMENT '状态',
  `save` int(11) NOT NULL COMMENT '保留字段'
) ENGINE=InnoDB DEFAULT CHARSET=utf8;

-- --------------------------------------------------------

--
-- 表的结构 `goods`
--

CREATE TABLE `goods` (
  `id` int(11) NOT NULL COMMENT '商品id',
  `shop_id` int(11) NOT NULL COMMENT '商户id',
  `cate` int(11) NOT NULL COMMENT '分类',
  `title` longtext NOT NULL COMMENT '标题',
  `price` decimal(10,2) NOT NULL COMMENT '价格',
  `short_details` varchar(255) NOT NULL COMMENT '短描述',
  `details` longtext NOT NULL COMMENT '商品介绍',
  `add_time` int(255) NOT NULL COMMENT '上架时间',
  `sell_status` int(2) NOT NULL COMMENT '售卖状态',
  `img` longtext NOT NULL COMMENT '图片',
  `save` varchar(255) DEFAULT NULL COMMENT '保留字段'
) ENGINE=MyISAM DEFAULT CHARSET=utf8 COMMENT='商品';

--
-- 转存表中的数据 `goods`
--

INSERT INTO `goods` (`id`, `shop_id`, `cate`, `title`, `price`, `short_details`, `details`, `add_time`, `sell_status`, `img`, `save`) VALUES
(1, 8, 31, '美商海盗船 (USCORSAIR) K68 机械键盘 有线连接 游戏键盘 全尺寸 红色背光 防水防泼溅 黑色 樱桃红轴', '479.23', 'Cherry原厂红轴，防尘防泼溅，红色LED可调节背光，全键无冲突，支持宏', '<div id=\"J-detail-content\"><style>.ssd-module-wrap{position:relative;margin:0 auto;width:750px;text-align:left;background-color:#fff}.ssd-module-wrap .ssd-module,.ssd-module-wrap .ssd-module-heading{width:750px;position:relative;overflow:hidden}.ssd-module-wrap .ssd-module{background-repeat:no-repeat;background-position:left top;background-size:100% 100%}.ssd-module-wrap .ssd-module-heading{background-repeat:no-repeat;background-position:left center;background-size:100% 100%}.ssd-module-wrap .ssd-module-heading .ssd-module-heading-layout{display:inline-block}.ssd-module-wrap .ssd-module-heading .ssd-widget-heading-ch{float:left;display:inline-block;margin:0 6px 0 15px;height:100%}.ssd-module-wrap .ssd-module-heading .ssd-widget-heading-en{float:left;display:inline-block;margin:0 15px 0 6px;height:100%}.ssd-module-wrap .ssd-widget-pic,.ssd-module-wrap .ssd-widget-text,.ssd-module-wrap .ssd-widget-line,.ssd-module-wrap .ssd-widget-rectangle,.ssd-module-wrap .ssd-widget-circle,.ssd-module-wrap .ssd-widget-triangle,.ssd-module-wrap .ssd-widget-table{position:absolute;overflow:hidden}.ssd-module-wrap .ssd-widget-rectangle{box-sizing:border-box;-moz-box-sizing:border-box;-webkit-box-sizing:border-box}.ssd-module-wrap .ssd-widget-table table{width:100%;height:100%}.ssd-module-wrap .ssd-widget-table td{position:relative;white-space:pre-line;word-break:break-all}.ssd-module-wrap .ssd-widget-pic img{display:block;width:100%;height:100%}.ssd-module-wrap .ssd-widget-text{line-height:1.5;word-break:break-all}.ssd-module-wrap .ssd-widget-text span{display:block;overflow:hidden;width:100%;height:100%;padding:0;margin:0;word-break:break-all;word-wrap:break-word;white-space:normal}.ssd-module-wrap .ssd-widget-link{position:absolute;left:0;top:0;width:100%;height:100%;background:transparent;z-index:100}.ssd-module-wrap .ssd-cell-text{position:absolute;top:0;left:0;right:0;width:100%;height:100%;overflow:auto}.ssd-module-wrap .M15028709155581{width:750px; background-color:#cbcbcb; background-image:url(https://img30.360buyimg.com/sku/jfs/t7864/192/616013305/276817/3ed818d0/599539f9N84448048.jpg); background-size:100% 100%; height:850px}\r\n.ssd-module-wrap .W15028736591091{border-radius:0px; z-index:1; top:676px; left:129px; width:492px; height:118px}\r\n.ssd-module-wrap .W15028712238425{border-radius:0px; z-index:0; top:32px; left:43px; width:200px; height:52px}\r\n.ssd-module-wrap .M15242098191191{width:750px; background-color:#b3b3b3; background-size:100% 100%; background-image:url(https://img30.360buyimg.com/sku/jfs/t16870/114/1837926684/110252/36a35f28/5ad99492N6e704a4b.jpg); height:350px}\r\n.ssd-module-wrap .M15028712482356{width:750px; background-color:#fecb00; background-image:none; height:40px; text-align:center}\r\n.ssd-module-wrap .W15028712482357{background-color:transparent; color:#000000; font-weight:normal; letter-spacing:0px; text-decoration:none; font-size:20px; line-height:40px; font-family:simhei; font-style:normal; height:40px}\r\n.ssd-module-wrap .W15028712482358{background-color:transparent; color:#000000; font-weight:normal; letter-spacing:0px; text-decoration:none; font-size:18px; line-height:40px; font-family:simhei; font-style:normal; height:40px}\r\n.ssd-module-wrap .M15028713045949{width:750px; background-color:#000000; background-image:none; background-size:100% 100%; height:200px}\r\n.ssd-module-wrap .W150287149340313{border-radius:0px; z-index:3; top:39px; left:53px; width:150px; height:154px}\r\n.ssd-module-wrap .W150287143377412{z-index:2; color:#ffffff; font-weight:normal; letter-spacing:0px; text-decoration:none; font-size:20px; line-height:1.5; font-style:normal; background-color:transparent; top:108px; left:226px; width:429px; font-family:simhei; height:63px}\r\n.ssd-module-wrap .W150287136691411{z-index:1; color:#ffffff; font-weight:normal; letter-spacing:2px; text-decoration:none; font-size:30px; line-height:1.5; font-style:normal; background-color:transparent; top:59px; left:306px; width:369px; font-family:simhei; height:42px}\r\n.ssd-module-wrap .W150287133813110{z-index:0; color:#ffffff; font-weight:normal; letter-spacing:0px; text-decoration:none; font-size:72px; line-height:1.5; font-style:normal; background-color:transparent; top:13px; left:222px; width:93px; font-family:arial; height:100px}\r\n.ssd-module-wrap .M15030217611551{width:750px; background-color:#b3b3b3; background-image:url(https://img30.360buyimg.com/sku/jfs/t7669/136/681688047/181813/857fd0a1/59964adfN434cf3af.jpg); background-size:100% 100%; height:503px}\r\n.ssd-module-wrap .M150287180430316{width:750px; background-color:#b3b3b3; background-image:url(https://img30.360buyimg.com/sku/jfs/t7918/307/606761718/393880/5b516901/59954374N50762b99.jpg); background-size:100% 100%; height:622px}\r\n.ssd-module-wrap .W150287186816217{border-radius:0px; z-index:3; top:66px; left:587px; width:109px; height:124px}\r\n.ssd-module-wrap .W150287180430316I2{z-index:2; color:#ffffff; font-weight:normal; letter-spacing:0px; text-decoration:none; font-size:20px; line-height:1.5; font-style:normal; background-color:transparent; top:99px; left:206px; width:369px; font-family:simhei; height:62px}\r\n.ssd-module-wrap .W150287180430316I1{z-index:1; color:#ffffff; font-weight:normal; letter-spacing:2px; text-decoration:none; font-size:30px; line-height:1.5; font-style:normal; background-color:transparent; top:50px; left:308px; width:369px; font-family:simhei; height:42px}\r\n.ssd-module-wrap .W150287180430316I0{z-index:0; color:#ffffff; font-weight:normal; letter-spacing:0px; text-decoration:none; font-size:72px; line-height:1.5; font-style:normal; background-color:transparent; top:9px; left:206px; width:93px; font-family:arial; height:100px}\r\n.ssd-module-wrap .M15034714604131{width:750px; background-color:#f2f2f2; background-image:url(https://img30.360buyimg.com/sku/jfs/t7390/137/1490574017/389877/d5e8e386/599d3d33N065737e4.gif); background-size:100% 100%; height:422px}\r\n.ssd-module-wrap .M150287199567618{width:750px; background-color:#b3b3b3; background-image:url(https://img30.360buyimg.com/sku/jfs/t7339/236/1447101659/116683/fdae01c0/599d2752Naa81d8b7.jpg); background-size:100% 100%; height:519px}\r\n.ssd-module-wrap .W150287199567618I2{z-index:2; color:#000000; font-weight:normal; letter-spacing:0px; text-decoration:none; font-size:20px; line-height:1.5; font-style:normal; background-color:transparent; top:161px; left:93px; width:541px; font-family:simhei; height:34px}\r\n.ssd-module-wrap .W150287199567618I1{z-index:1; color:#000000; font-weight:normal; letter-spacing:2px; text-decoration:none; font-size:30px; line-height:1.5; font-style:normal; background-color:transparent; top:111px; left:185px; width:369px; font-family:simhei; height:42px}\r\n.ssd-module-wrap .W150287199567618I0{z-index:0; color:#000000; font-weight:normal; letter-spacing:0px; text-decoration:none; font-size:72px; line-height:1.5; font-style:normal; background-color:transparent; top:67px; left:90px; width:93px; font-family:arial; height:100px}\r\n.ssd-module-wrap .M15032826501761{width:750px; background-color:#f2f2f2; background-image:url(https://img30.360buyimg.com/sku/jfs/t7774/138/1494728578/396403/6c61a3cb/599d4509N41648128.gif); background-size:100% 100%; height:441px}\r\n.ssd-module-wrap .M150287160145314{width:750px; background-color:#b3b3b3; background-image:url(https://img30.360buyimg.com/sku/jfs/t7768/249/1113219968/107537/96197ee0/599a7889N8e2aa30c.jpg); background-size:100% 100%; height:619px}\r\n.ssd-module-wrap .W150287168367215{z-index:2; color:#ffffff; font-weight:normal; letter-spacing:0px; text-decoration:none; font-size:20px; line-height:1.5; font-style:normal; background-color:transparent; top:118px; left:270px; width:426px; font-family:simhei; height:42px}\r\n.ssd-module-wrap .W150287160145314I1{z-index:1; color:#ffffff; font-weight:normal; letter-spacing:2px; text-decoration:none; font-size:30px; line-height:1.5; font-style:normal; background-color:transparent; top:67px; left:231px; width:369px; font-family:simhei; height:42px}\r\n.ssd-module-wrap .W150287160145314I0{z-index:0; color:#ffffff; font-weight:normal; letter-spacing:0px; text-decoration:none; font-size:72px; line-height:1.5; font-style:normal; background-color:transparent; top:21px; left:592px; width:93px; font-family:arial; height:100px}\r\n.ssd-module-wrap .M150287215002719{width:750px; background-color:#b3b3b3; background-image:url(https://img30.360buyimg.com/sku/jfs/t7348/227/706435188/166821/47d5715c/59964f5fNb95a4e1c.jpg); background-size:100% 100%; height:471px}\r\n.ssd-module-wrap .W150287261120420{border-radius:0px; z-index:3; top:170px; left:33px; width:134px; height:134px}\r\n.ssd-module-wrap .W150287215002719I2{z-index:2; color:#ffffff; font-weight:normal; letter-spacing:0px; text-decoration:none; font-size:20px; line-height:1.5; font-style:normal; background-color:transparent; top:408px; left:50px; width:507px; font-family:simhei; height:61px}\r\n.ssd-module-wrap .W150287215002719I1{z-index:1; color:#ffffff; font-weight:normal; letter-spacing:2px; text-decoration:none; font-size:30px; line-height:1.5; font-style:normal; background-color:transparent; top:355px; left:140px; width:369px; font-family:simhei; height:42px}\r\n.ssd-module-wrap .W150287215002719I0{z-index:0; color:#ffffff; font-weight:normal; letter-spacing:0px; text-decoration:none; font-size:72px; line-height:1.5; font-style:normal; background-color:transparent; top:310px; left:46px; width:93px; font-family:arial; height:100px}\r\n.ssd-module-wrap .M15030264650131{width:750px; background-color:#b3b3b3; background-image:url(https://img30.360buyimg.com/sku/jfs/t7381/168/1482791548/330041/8263eda9/599d41e4Nd5a14b92.gif); background-size:100% 100%; height:342px}\r\n.ssd-module-wrap .M150287265142321{width:750px; background-color:#b3b3b3; background-image:url(https://img30.360buyimg.com/sku/jfs/t7570/208/1105124675/79844/c34af012/599a64c1N43cf3b08.jpg); background-size:100% 100%; height:572px}\r\n.ssd-module-wrap .W150287285973222{z-index:3; border-top-width:1px; -webkit-transform:rotate(90deg); -o-transform:rotate(90deg); border-top-style:solid; border-radius:0px; filter:progid:DXImageTransform.Microsoft.Matrix(SizingMethod=\'auto expand\',M11=6.123233995736766e-17,M12=-1,M21=1,M22=6.123233995736766e-17); transform:rotate(90deg); top:214px; left:535px; width:100px; border-top-color:#ffffff; -moz-transform:rotate(90deg); height:0px}\r\n.ssd-module-wrap .W150287265142321I2{z-index:2; color:#ffffff; font-weight:normal; letter-spacing:0px; text-decoration:none; font-size:20px; line-height:1.5; font-style:normal; background-color:transparent; top:115px; left:257px; width:456px; font-family:simhei; height:61px}\r\n.ssd-module-wrap .W150287265142321I1{z-index:1; color:#ffffff; font-weight:normal; letter-spacing:2px; text-decoration:none; font-size:30px; line-height:1.5; font-style:normal; background-color:transparent; top:55px; left:346px; width:369px; font-family:arial; height:42px}\r\n.ssd-module-wrap .W150287265142321I0{z-index:0; color:#ffffff; font-weight:normal; letter-spacing:0px; text-decoration:none; font-size:72px; line-height:1.5; font-style:normal; background-color:transparent; top:14px; left:252px; width:93px; font-family:arial; height:100px}\r\n.ssd-module-wrap .M150287300119023{width:750px; background-color:#000000; background-image:none; background-size:100% 100%; height:200px}\r\n.ssd-module-wrap .W150287300119023I2{z-index:2; color:#ffffff; font-weight:normal; letter-spacing:0px; text-decoration:none; font-size:20px; line-height:1.5; font-style:normal; background-color:transparent; top:143px; left:70px; width:632px; font-family:simhei; height:61px}\r\n.ssd-module-wrap .W150287300119023I1{z-index:1; color:#ffffff; font-weight:normal; letter-spacing:2px; text-decoration:none; font-size:30px; line-height:1.5; font-style:normal; background-color:transparent; top:89px; left:156px; width:375px; font-family:arial; height:42px}\r\n.ssd-module-wrap .W150287300119023I0{z-index:0; color:#ffffff; font-weight:normal; letter-spacing:0px; text-decoration:none; font-size:72px; line-height:1.5; font-style:normal; background-color:transparent; top:44px; left:69px; width:93px; font-family:arial; height:100px}\r\n.ssd-module-wrap .M15030446899391{width:750px; background-color:#f2f2f2; background-image:url(https://img30.360buyimg.com/sku/jfs/t7927/44/1483135782/392899/753d8e19/599d43dbNc4e84cb9.gif); background-size:100% 100%; height:379px}\r\n.ssd-module-wrap .M15030230679042{width:750px; background-color:#b3b3b3; background-image:url(https://img30.360buyimg.com/sku/jfs/t7246/296/1102522617/125214/a8be24b6/599a5bcdNfad92a67.jpg); background-size:100% 100%; height:375px}\r\n.ssd-module-wrap .M15028745290862{width:750px; background-color:#fecb00; background-image:none; height:40px; text-align:center}\r\n.ssd-module-wrap .W15028745290863{background-color:transparent; color:#000000; font-weight:normal; letter-spacing:0px; text-decoration:none; font-size:20px; line-height:40px; font-family:simhei; font-style:normal; height:40px}\r\n.ssd-module-wrap .W15028745290864{background-color:transparent; color:#000000; font-weight:normal; letter-spacing:0px; text-decoration:none; font-size:18px; line-height:40px; font-family:simhei; font-style:normal; height:40px}\r\n.ssd-module-wrap .M15028745370625{width:750px; background-color:#b3b3b3; background-image:url(https://img30.360buyimg.com/sku/jfs/t7396/172/508575532/100789/a2135d76/5993ffd5Nbcf8c1a1.jpg); background-size:100% 100%; height:500px}\r\n.ssd-module-wrap .M150287476729511{width:750px; background-color:#000000; background-size:100% 100%; height:300px}\r\n.ssd-module-wrap .W150293592721120{z-index:19; color:#ffffff; font-weight:normal; letter-spacing:0px; text-decoration:none; font-size:20px; line-height:1.5; font-style:normal; background-color:transparent; top:215px; left:445px; width:326px; font-family:simhei; height:23px}\r\n.ssd-module-wrap .W150293592309219{border-radius:0px; z-index:18; top:211px; left:389px; width:35px; height:35px}\r\n.ssd-module-wrap .W150293591370118{z-index:17; color:#ffffff; font-weight:normal; letter-spacing:0px; text-decoration:none; font-size:20px; line-height:1.5; font-style:normal; background-color:transparent; top:169px; left:445px; width:149px; font-family:simhei; height:23px}\r\n.ssd-module-wrap .W150293590098917{border-radius:0px; z-index:16; top:164px; left:389px; width:35px; height:35px}\r\n.ssd-module-wrap .W150293589288416{z-index:15; color:#ffffff; font-weight:normal; letter-spacing:0px; text-decoration:none; font-size:20px; line-height:1.5; font-style:normal; background-color:transparent; top:117px; left:445px; width:149px; font-family:simhei; height:23px}\r\n.ssd-module-wrap .W150293588366815{border-radius:0px; z-index:14; top:113px; left:389px; width:35px; height:35px}\r\n.ssd-module-wrap .W150293586613414{z-index:13; color:#ffffff; font-weight:normal; letter-spacing:0px; text-decoration:none; font-size:20px; line-height:1.5; font-style:normal; background-color:transparent; top:71px; left:445px; width:149px; font-family:simhei; height:23px}\r\n.ssd-module-wrap .W150293584525413{border-radius:0px; z-index:12; top:66px; left:389px; width:35px; height:35px}\r\n.ssd-module-wrap .W150293583368812{z-index:11; color:#ffffff; font-weight:normal; letter-spacing:0px; text-decoration:none; font-size:20px; line-height:1.5; font-style:normal; background-color:transparent; top:23px; left:445px; width:144px; font-family:simhei; height:23px}\r\n.ssd-module-wrap .W150293582118811{border-radius:0px; z-index:10; top:21px; left:389px; width:35px; height:35px}\r\n.ssd-module-wrap .W150293578906310{z-index:9; color:#ffffff; font-weight:normal; letter-spacing:0px; text-decoration:none; font-size:20px; line-height:1.5; font-style:normal; background-color:transparent; top:215px; left:118px; width:263px; font-family:simhei; height:23px}\r\n.ssd-module-wrap .W15029357846359{border-radius:0px; z-index:8; top:209px; left:63px; width:35px; height:35px}\r\n.ssd-module-wrap .W15029357691898{z-index:7; color:#ffffff; font-weight:normal; letter-spacing:0px; text-decoration:none; font-size:20px; line-height:1.5; font-style:normal; background-color:transparent; top:169px; left:118px; width:234px; font-family:simhei; height:23px}\r\n.ssd-module-wrap .W15029357512287{border-radius:0px; z-index:6; top:163px; left:63px; width:35px; height:35px}\r\n.ssd-module-wrap .W15029357312456{z-index:5; color:#ffffff; font-weight:normal; letter-spacing:0px; text-decoration:none; font-size:20px; line-height:1.5; font-style:normal; background-color:transparent; top:121px; left:118px; width:234px; font-family:simhei; height:23px}\r\n.ssd-module-wrap .W15029357251155{border-radius:0px; z-index:4; top:116px; left:63px; width:35px; height:35px}\r\n.ssd-module-wrap .W15029357104544{z-index:3; color:#ffffff; font-weight:normal; letter-spacing:0px; text-decoration:none; font-size:20px; line-height:1.5; font-style:normal; background-color:transparent; top:74px; left:118px; width:200px; font-family:simhei; height:23px}\r\n.ssd-module-wrap .W15029357021503{border-radius:0px; z-index:2; top:68px; left:63px; width:35px; height:35px}\r\n.ssd-module-wrap .W15029356732062{z-index:1; color:#ffffff; font-weight:normal; letter-spacing:0px; text-decoration:none; font-size:20px; line-height:1.5; font-style:normal; background-color:transparent; top:23px; left:118px; width:200px; font-family:simhei; height:23px}\r\n.ssd-module-wrap .W15029356042361{border-radius:0px; z-index:0; top:21px; left:63px; width:35px; height:35px}\r\n.ssd-module-wrap .M150293614852322{width:750px; background-color:#000000; background-image:url(//img30.360buyimg.com/sku/jfs/t25108/71/241268662/166133/9542e3e3/5b6a5b4dNed851416.jpg); background-size:100% 100%; height:1200px}\r\n.ssd-module-wrap .W15336968696392{z-index:15; top:1082px; border-top-width:1px; left:39px; width:700px; border-top-color:#666; border-top-style:solid; height:0px}\r\n.ssd-module-wrap .W15336968635181{z-index:14; top:1047px; border-top-width:1px; left:39px; width:700px; border-top-color:#666; border-top-style:solid; height:0px}\r\n.ssd-module-wrap .W15034602906621{z-index:13; top:976px; border-top-width:1px; left:39px; width:700px; border-top-color:#666; border-top-style:solid; height:0px}\r\n.ssd-module-wrap .W150293719520337{z-index:12; top:1013px; border-top-width:1px; left:39px; width:700px; border-top-color:#666; border-top-style:solid; height:0px}\r\n.ssd-module-wrap .W150293716265536{z-index:11; top:867px; border-top-width:1px; left:39px; width:700px; border-top-color:#666; border-top-style:solid; height:0px}\r\n.ssd-module-wrap .W150293715232135{z-index:10; top:758px; border-top-width:1px; left:39px; width:700px; border-top-color:#666; border-top-style:solid; height:0px}\r\n.ssd-module-wrap .W150293714048834{z-index:9; top:723px; border-top-width:1px; left:39px; width:700px; border-top-color:#666; border-top-style:solid; height:0px}\r\n.ssd-module-wrap .W150293696527824{z-index:8; color:#cccccc; font-weight:normal; letter-spacing:0px; text-decoration:none; font-size:20px; line-height:36px; font-style:normal; background-color:transparent; top:368px; left:206px; width:533px; font-family:simhei; height:775px}\r\n.ssd-module-wrap .W150293713023133{z-index:8; top:685px; border-top-width:1px; left:39px; width:700px; border-top-color:#666; border-top-style:solid; height:0px}\r\n.ssd-module-wrap .W150293712443932{z-index:7; top:940px; border-top-width:1px; left:39px; width:700px; border-top-color:#666; border-top-style:solid; height:0px}\r\n.ssd-module-wrap .W150293711849531{z-index:6; top:614px; border-top-width:1px; left:39px; width:700px; border-top-color:#666; border-top-style:solid; height:0px}\r\n.ssd-module-wrap .W150293711099930{z-index:5; top:579px; border-top-width:1px; left:39px; width:700px; border-top-color:#666; border-top-style:solid; height:0px}\r\n.ssd-module-wrap .W150293710642429{z-index:4; top:541px; border-top-width:1px; left:39px; width:700px; border-top-color:#666; border-top-style:solid; height:0px}\r\n.ssd-module-wrap .W150293710168328{z-index:3; top:506px; border-top-width:1px; left:39px; width:700px; border-top-color:#666; border-top-style:solid; height:0px}\r\n.ssd-module-wrap .W150293708498927{z-index:2; top:471px; border-top-width:1px; left:39px; width:700px; border-top-color:#666; border-top-style:solid; height:0px}\r\n.ssd-module-wrap .W150293707158926{z-index:1; top:434px; border-top-width:1px; left:39px; width:700px; border-top-color:#666; border-top-style:solid; height:0px}\r\n.ssd-module-wrap .W150293685476823{z-index:0; color:#ffffff; font-weight:normal; letter-spacing:0px; text-decoration:none; font-size:20px; line-height:36px; font-style:normal; background-color:transparent; top:365px; left:44px; width:200px; font-family:simhei; height:780px}\r\n.ssd-module-wrap .M15113418328541{width:750px; background-color:#f2f2f2; background-image:url(https://img30.360buyimg.com/sku/jfs/t11932/14/2304130073/126436/62793c5a/5a153f0bNe1be2cfc.jpg); background-size:100% 100%; height:580px}\r\n.ssd-module-wrap .M15028745414236{width:750px; background-color:#fecb00; background-image:none; height:40px; text-align:center}\r\n.ssd-module-wrap .W15028745414237{background-color:transparent; color:#000000; font-weight:normal; letter-spacing:0px; text-decoration:none; font-size:20px; line-height:40px; font-family:simhei; font-style:normal; height:40px}\r\n.ssd-module-wrap .W15028745414238{background-color:transparent; color:#000000; font-weight:normal; letter-spacing:0px; text-decoration:none; font-size:18px; line-height:40px; font-family:simhei; font-style:normal; height:40px}\r\n.ssd-module-wrap .M15028745650069{width:750px; background-color:#cbcbcb; background-image:url(https://img30.360buyimg.com/sku/jfs/t8947/26/50837583/127760/9c63b1fe/599f939dN65e13a1c.jpg); background-size:100% 100%; height:271px}\r\n.ssd-module-wrap .M150287464567010{width:750px; background-color:#f2f2f2; background-image:url(https://img30.360buyimg.com/sku/jfs/t7756/187/523841871/148071/13e0a915/5993ffd7N36578394.jpg); background-size:100% 100%; height:600px}\r\n.ssd-module-wrap .M150293760231138{width:750px; background-color:#fecb00; background-image:none; height:40px; text-align:center}\r\n.ssd-module-wrap .W150293760231239{background-color:transparent; color:#000000; font-weight:normal; letter-spacing:0px; text-decoration:none; font-size:20px; line-height:40px; font-family:simhei; font-style:normal; height:40px}\r\n.ssd-module-wrap .W150293760231240{background-color:transparent; color:#000000; font-weight:normal; letter-spacing:0px; text-decoration:none; font-size:18px; line-height:40px; font-family:simhei; font-style:normal; height:40px}\r\n.ssd-module-wrap .M15318839115951{width:750px; background-color:#d7d7d7; background-size:100% 100%; background-image:url(//img30.360buyimg.com/sku/jfs/t1/15308/40/14139/270960/5ca46746E0b21eb82/0cf07402d72cbacc.jpg); height:900px}\r\n</style><br><div cssurl=\"//sku-market-gw.jd.com/css/pc/4936193.css?t=1555931795368\"></div><div id=\"zbViewModulesH\" value=\"11376\"></div><input id=\"zbViewModulesHeight\" type=\"hidden\" value=\"11376\"><div skudesign=\"100010\"></div><div class=\"ssd-module-wrap\">\r\n    <div class=\"ssd-module M15028709155581 animate-M15028709155581\" data-id=\"M15028709155581\">\r\n        <div class=\"ssd-widget-pic W15028736591091\">\r\n    <img class=\"\" src=\"https://img30.360buyimg.com/sku/jfs/t7993/199/1408263571/12810/f714b724/599cf92dNc58417fb.png\">\r\n        </div>\r\n<div class=\"ssd-widget-pic W15028712238425\">\r\n    <img class=\"\" src=\"https://img30.360buyimg.com/sku/jfs/t3541/99/1623818466/17008/758d901a/582bbfe1N7c2610a3.png\">\r\n        </div>\r\n\r\n</div>\r\n<div class=\"ssd-module M15242098191191 animate-M15242098191191\" data-id=\"M15242098191191\">\r\n        \r\n</div>\r\n<div class=\"ssd-module ssd-module-heading M15028712482356\" id=\"detail-tag-id-601\" name=\"detail-tag-id-601\" text=\"产品特色\">\r\n<div class=\"ssd-module-heading-layout\"><span class=\"ssd-widget-heading-ch W15028712482357\">产品特色</span><span class=\"ssd-widget-heading-en W15028712482358\">Selling Point</span></div>\r\n</div><div class=\"ssd-module M15028713045949 animate-M15028713045949\" data-id=\"M15028713045949\">\r\n        <div class=\"ssd-widget-pic W150287149340313\">\r\n    <img class=\"\" src=\"https://img30.360buyimg.com/sku/jfs/t3247/315/7647441761/337881/548856e2/58b92b40Ndff64338.png\">\r\n        </div>\r\n<div class=\"ssd-widget-text W150287143377412\">\r\n    使用黄金触点工艺的CHERRY&nbsp;MX机械轴体带来快人一步的优势\r\n    </div>\r\n<div class=\"ssd-widget-text W150287136691411\">\r\n    CHERRY&nbsp;MX红轴\r\n    </div>\r\n<div class=\"ssd-widget-text W150287133813110\">\r\n    01\r\n    </div>\r\n\r\n</div>\r\n<div class=\"ssd-module M15030217611551 animate-M15030217611551\" data-id=\"M15030217611551\">\r\n        \r\n</div>\r\n<div class=\"ssd-module M150287180430316 animate-M150287180430316\" data-id=\"M150287180430316\">\r\n        <div class=\"ssd-widget-pic W150287186816217\">\r\n    <img class=\"\" src=\"https://img30.360buyimg.com/sku/jfs/t7675/151/515601324/8998/abca6ba5/5993ffd8Nc4605693.png\">\r\n        </div>\r\n<div class=\"ssd-widget-text W150287180430316I2\">\r\n    从意外中拯救你的系统，游戏从不停止<br>（防护等级为IP32）\r\n    </div>\r\n<div class=\"ssd-widget-text W150287180430316I1\">\r\n    防泼溅防尘<br>\r\n    </div>\r\n<div class=\"ssd-widget-text W150287180430316I0\">\r\n    02\r\n    </div>\r\n\r\n</div>\r\n<div class=\"ssd-module M15034714604131 animate-M15034714604131\" data-id=\"M15034714604131\">\r\n        \r\n</div>\r\n<div class=\"ssd-module M150287199567618 animate-M150287199567618\" data-id=\"M150287199567618\">\r\n        <div class=\"ssd-widget-text W150287199567618I2\">\r\n    无论你在游戏中动作如何迅速，每次键入都能准确实现\r\n    </div>\r\n<div class=\"ssd-widget-text W150287199567618I1\">\r\n    防鬼影与全键无冲\r\n    </div>\r\n<div class=\"ssd-widget-text W150287199567618I0\">\r\n    03\r\n    </div>\r\n\r\n</div>\r\n<div class=\"ssd-module M15032826501761 animate-M15032826501761\" data-id=\"M15032826501761\">\r\n        \r\n</div>\r\n<div class=\"ssd-module M150287160145314 animate-M150287160145314\" data-id=\"M150287160145314\">\r\n        <div class=\"ssd-widget-text W150287168367215\">\r\n    让您可以在不影响游戏进程的情况下调整音量\r\n    </div>\r\n<div class=\"ssd-widget-text W150287160145314I1\">\r\n    独立的多媒体和音量控制按键\r\n    </div>\r\n<div class=\"ssd-widget-text W150287160145314I0\">\r\n    04\r\n    </div>\r\n\r\n</div>\r\n<div class=\"ssd-module M150287215002719 animate-M150287215002719\" data-id=\"M150287215002719\">\r\n        <div class=\"ssd-widget-pic W150287261120420\">\r\n    <img class=\"\" src=\"https://img30.360buyimg.com/sku/jfs/t7801/206/524398289/17257/af1dbc45/5993ffd5N87cf7d65.png\">\r\n        </div>\r\n<div class=\"ssd-widget-text W150287215002719I2\">\r\n    明亮的红色背光用接近无限的灯效定制能力提升使用体验\r\n    </div>\r\n<div class=\"ssd-widget-text W150287215002719I1\">\r\n    动态背光\r\n    </div>\r\n<div class=\"ssd-widget-text W150287215002719I0\">\r\n    05\r\n    </div>\r\n\r\n</div>\r\n<div class=\"ssd-module M15030264650131 animate-M15030264650131\" data-id=\"M15030264650131\">\r\n        \r\n</div>\r\n<div class=\"ssd-module M150287265142321 animate-M150287265142321\" data-id=\"M150287265142321\">\r\n        <div class=\"ssd-widget-line W150287285973222\">\r\n        </div>\r\n<div class=\"ssd-widget-text W150287265142321I2\">\r\n    在游戏中保持专注，防止意外按下Windows键导致游戏中断\r\n    </div>\r\n<div class=\"ssd-widget-text W150287265142321I1\">\r\n    Windows按键锁定模式\r\n    </div>\r\n<div class=\"ssd-widget-text W150287265142321I0\">\r\n    06\r\n    </div>\r\n\r\n</div>\r\n<div class=\"ssd-module M150287300119023 animate-M150287300119023\" data-id=\"M150287300119023\">\r\n        <div class=\"ssd-widget-text W150287300119023I2\">\r\n    直观、实用的海盗船实用引擎&nbsp;(CUE)&nbsp;提供复杂宏编程与动态灯效定制\r\n    </div>\r\n<div class=\"ssd-widget-text W150287300119023I1\">\r\n    CUE支持可全键可编程\r\n    </div>\r\n<div class=\"ssd-widget-text W150287300119023I0\">\r\n    07\r\n    </div>\r\n\r\n</div>\r\n<div class=\"ssd-module M15030446899391 animate-M15030446899391\" data-id=\"M15030446899391\">\r\n        \r\n</div>\r\n<div class=\"ssd-module M15030230679042 animate-M15030230679042\" data-id=\"M15030230679042\">\r\n        \r\n</div>\r\n<div class=\"ssd-module ssd-module-heading M15028745290862\" id=\"detail-tag-id-605\" name=\"detail-tag-id-605\" text=\"产品规格\">\r\n<div class=\"ssd-module-heading-layout\"><span class=\"ssd-widget-heading-ch W15028745290863\">产品规格</span><span class=\"ssd-widget-heading-en W15028745290864\">Product Specifications</span></div>\r\n</div><div class=\"ssd-module M15028745370625 animate-M15028745370625\" data-id=\"M15028745370625\">\r\n        \r\n</div>\r\n<div class=\"ssd-module M150287476729511 animate-M150287476729511\" data-id=\"M150287476729511\">\r\n        <div class=\"ssd-widget-text W150293592721120\">\r\n    专用多媒体键USB&nbsp;连接线\r\n    </div>\r\n<div class=\"ssd-widget-pic W150293592309219\">\r\n    <img class=\"\" src=\"https://img30.360buyimg.com/sku/jfs/t3385/274/1849579546/20682/a7f0d4d2/58326d40Nbed70082.png\">\r\n        </div>\r\n<div class=\"ssd-widget-text W150293591370118\">\r\n    专用多媒体键\r\n    </div>\r\n<div class=\"ssd-widget-pic W150293590098917\">\r\n    <img class=\"\" src=\"https://img30.360buyimg.com/sku/jfs/t3310/13/1550574038/22071/e7a5f4ec/582bbfcbN5fc71150.png\">\r\n        </div>\r\n<div class=\"ssd-widget-text W150293589288416\">\r\n    提高音量键\r\n    </div>\r\n<div class=\"ssd-widget-pic W150293588366815\">\r\n    <img class=\"\" src=\"https://img30.360buyimg.com/sku/jfs/t3700/214/1580729260/21472/c20931c4/582bbfcbN4a167040.png\">\r\n        </div>\r\n<div class=\"ssd-widget-text W150293586613414\">\r\n    降低音量键\r\n    </div>\r\n<div class=\"ssd-widget-pic W150293584525413\">\r\n    <img class=\"\" src=\"https://img30.360buyimg.com/sku/jfs/t3535/275/1622598337/21734/62f694f0/582bbfcbN569e6061.png\">\r\n        </div>\r\n<div class=\"ssd-widget-text W150293583368812\">\r\n    静音键\r\n    </div>\r\n<div class=\"ssd-widget-pic W150293582118811\">\r\n    <img class=\"\" src=\"https://img30.360buyimg.com/sku/jfs/t3457/88/1498878156/21464/2f54e0cc/582bbfcbN6aff504c.png\">\r\n        </div>\r\n<div class=\"ssd-widget-text W150293578906310\">\r\n    SCROLL&nbsp;LOCK&nbsp;LED&nbsp;指示灯\r\n    </div>\r\n<div class=\"ssd-widget-pic W15029357846359\">\r\n    <img class=\"\" src=\"https://img30.360buyimg.com/sku/jfs/t3736/52/1611092218/21516/1b992e9/582bbfcbNceb6cd8a.png\">\r\n        </div>\r\n<div class=\"ssd-widget-text W15029357691898\">\r\n    CAPS&nbsp;LOCK&nbsp;LED&nbsp;指示灯\r\n    </div>\r\n<div class=\"ssd-widget-pic W15029357512287\">\r\n    <img class=\"\" src=\"https://img30.360buyimg.com/sku/jfs/t3721/86/1523586047/21720/ce921b40/582bbfcbNa58cc04b.png\">\r\n        </div>\r\n<div class=\"ssd-widget-text W15029357312456\">\r\n    NUM&nbsp;LOCK&nbsp;LED&nbsp;指示灯\r\n    </div>\r\n<div class=\"ssd-widget-pic W15029357251155\">\r\n    <img class=\"\" src=\"https://img30.360buyimg.com/sku/jfs/t3697/161/1612704433/21749/65df6bf3/582bbfcbNfd2b50b1.png\">\r\n        </div>\r\n<div class=\"ssd-widget-text W15029357104544\">\r\n    WINDOWS&nbsp;禁用键\r\n    </div>\r\n<div class=\"ssd-widget-pic W15029357021503\">\r\n    <img class=\"\" src=\"https://img30.360buyimg.com/sku/jfs/t3556/45/1433153796/21739/9f3ba297/582bbfcbN0666903a.png\">\r\n        </div>\r\n<div class=\"ssd-widget-text W15029356732062\">\r\n    背光亮度键\r\n    </div>\r\n<div class=\"ssd-widget-pic W15029356042361\">\r\n    <img class=\"\" src=\"https://img30.360buyimg.com/sku/jfs/t3706/302/1544970961/21751/62763b44/582bbfcbN167f2b77.png\">\r\n        </div>\r\n\r\n</div>\r\n<div class=\"ssd-module M150293614852322 animate-M150293614852322\" data-id=\"M150293614852322\">\r\n        <div class=\"ssd-widget-line W15336968696392\">\r\n        </div>\r\n<div class=\"ssd-widget-line W15336968635181\">\r\n        </div>\r\n<div class=\"ssd-widget-line W15034602906621\">\r\n        </div>\r\n<div class=\"ssd-widget-line W150293719520337\">\r\n        </div>\r\n<div class=\"ssd-widget-line W150293716265536\">\r\n        </div>\r\n<div class=\"ssd-widget-line W150293715232135\">\r\n        </div>\r\n<div class=\"ssd-widget-line W150293714048834\">\r\n        </div>\r\n<div class=\"ssd-widget-text W150293696527824\">\r\n    Cherry&nbsp;MX&nbsp;红轴,&nbsp;机械轴,&nbsp;45g&nbsp;触发压力,&nbsp;2.0mm<br>触发行程,&nbsp;5000万次键入寿命，黄金触点<br>可自定义效果<br>红色<br>无<br>高至1ms/1000Hz<br>防鬼影与全键无冲<br>专用&nbsp;(静音,&nbsp;音量加/减,&nbsp;停止,<br>上一首,&nbsp;播放/暂停,&nbsp;下一首)<br>有<br>有<br>防止直径大于2.5mm的固体外物侵入。防止直径或厚度大于2.5mm的工具、电线及类似的小型外物侵入而接触到电器内部的零件<br>防止水滴浸入。垂直落下的水滴（如凝结水）不会对电器造成损坏<br>支持<br>Windows&nbsp;10，Windows&nbsp;8，Windows&nbsp;Vista，Windows&nbsp;7<br>无缠结橡胶<br>455(L)&nbsp;x&nbsp;170(W)&nbsp;x&nbsp;40(H)&nbsp;mm<br>1370g<br>\r\n    </div>\r\n<div class=\"ssd-widget-line W150293713023133\">\r\n        </div>\r\n<div class=\"ssd-widget-line W150293712443932\">\r\n        </div>\r\n<div class=\"ssd-widget-line W150293711849531\">\r\n        </div>\r\n<div class=\"ssd-widget-line W150293711099930\">\r\n        </div>\r\n<div class=\"ssd-widget-line W150293710642429\">\r\n        </div>\r\n<div class=\"ssd-widget-line W150293710168328\">\r\n        </div>\r\n<div class=\"ssd-widget-line W150293708498927\">\r\n        </div>\r\n<div class=\"ssd-widget-line W150293707158926\">\r\n        </div>\r\n<div class=\"ssd-widget-text W150293685476823\">\r\n    轴体<br><br>背光&nbsp;/&nbsp;单色背光<br>LED&nbsp;颜色<br>USB&nbsp;直连接口<br>回报率<br>功能<br>媒体键<br><br>Windows&nbsp;锁定键<br>腕托<br>防尘等级<br><br><br>防水等级<br><br>CUE&nbsp;(软件)<br>操作系统要求<br>线缆<br>尺寸<br>重量<br>\r\n    </div>\r\n\r\n</div>\r\n<div class=\"ssd-module M15113418328541 animate-M15113418328541\" data-id=\"M15113418328541\">\r\n        \r\n</div>\r\n<div class=\"ssd-module ssd-module-heading M15028745414236\" id=\"detail-tag-id-608\" name=\"detail-tag-id-608\" text=\"实景展示\">\r\n<div class=\"ssd-module-heading-layout\"><span class=\"ssd-widget-heading-ch W15028745414237\">实景展示</span><span class=\"ssd-widget-heading-en W15028745414238\">Virtual show</span></div>\r\n</div><div class=\"ssd-module M15028745650069 animate-M15028745650069\" data-id=\"M15028745650069\">\r\n        \r\n</div>\r\n<div class=\"ssd-module M150287464567010 animate-M150287464567010\" data-id=\"M150287464567010\">\r\n        \r\n</div>\r\n<div class=\"ssd-module ssd-module-heading M150293760231138\" id=\"detail-tag-id-616\" name=\"detail-tag-id-616\" text=\"品牌介绍\">\r\n<div class=\"ssd-module-heading-layout\"><span class=\"ssd-widget-heading-ch W150293760231239\">品牌介绍</span><span class=\"ssd-widget-heading-en W150293760231240\">Brand Introduction</span></div>\r\n</div><div class=\"ssd-module M15318839115951 animate-M15318839115951\" data-id=\"M15318839115951\">\r\n        \r\n</div>\r\n\r\n</div>\r\n<!-- 2019-04-22 03:08:15 --> <br><br></div>', 1559635870, 1, 'https://img14.360buyimg.com/n0/jfs/t8632/146/819956538/169654/dfb53bd5/59af6ea9Nabb5898a.jpg', ''),
(2, 2, 21, '一加 OnePlus 7 Pro 2K+90Hz 流体屏 骁龙855旗舰 4800万超广角三摄 12GB+256GB 星雾蓝 全面屏拍照游戏手机', '4999.00', '一加7Pro星雾蓝12+256GB版6月6日10点抢购，6月4日订单预计6月8日起陆续发货，未支付订单保留6小时，测试', '<p style=\"text-align: center;\"><img src=\"https://img30.360buyimg.com/popWaterMark/jfs/t11224/297/2962541586/97681/9ba93b87/5cdd2306N8b4ca934.jpg\">&nbsp;</p><p style=\"text-align: center;\"><img src=\"https://img30.360buyimg.com/popWaterMark/jfs/t28015/314/1339076528/171118/d312009a/5cdd2306N233f3973.jpg\" style=\"font-size: 0.875rem;\"></p><p style=\"text-align: center;\"><img src=\"https://img30.360buyimg.com/popWaterMark/jfs/t29884/12/1316201855/106078/e3f41f38/5cdd2306Nf07ed451.jpg\" style=\"font-size: 0.875rem;\">&nbsp;<br></p><p><br></p>', 1559635870, 0, 'https://img14.360buyimg.com/n0/jfs/t11416/73/2962554901/208879/1f7e2225/5cdd0dd9N84e2d9cc.jpg', NULL),
(3, 4, 22, '小米9 4800万超广角三摄 8GB+128GB全息幻彩蓝 骁龙855 全网通4G 双卡双待 水滴全面屏拍照游戏智能手机', '3299.00', '【品质特惠】6.1-18日全程价保！全曲面玻璃机身，骁龙855旗舰，索尼4800万广角微距三摄，20W无线闪充', '<p><img src=\"https://img30.360buyimg.com/sku/jfs/t1/11503/9/8281/214395/5c6cd5b0Ee8e8be8c/ad8f7ba1052e6192.jpg\">&nbsp;</p><p><img src=\"https://img30.360buyimg.com/sku/jfs/t1/28808/25/8314/279916/5c74a97aEa7f3785b/4c2807a75014616d.jpg\">&nbsp;</p>', 1559724604, 1, 'https://img14.360buyimg.com/n0/jfs/t1/16130/39/12690/305219/5caac12aEbb843fa5/ce6c1dee969fb626.jpg', NULL),
(4, 9, 30, '诺基亚 NOKIA 9 PureView 6GB+128GB 宇宙蓝 蔡司认证 后置5摄 全网通 4G双卡双待', '5499.00', 'NOKIA9，骁龙845，后置5摄，千层景深，二次对焦，只为成就一张照片', '<p><img src=\"https://img30.360buyimg.com/sku/jfs/t1/42696/21/27/141823/5cc020d6E18b6628a/efb5cf566358f538.jpg\">&nbsp;</p><p><img src=\"https://img30.360buyimg.com/sku/jfs/t1/24076/24/9379/235035/5c7e332bE4446c3b8/f0f87bf4c0e3827e.jpg\" style=\"font-size: 0.875rem;\">&nbsp;<br></p>', 1559724849, 1, 'https://img14.360buyimg.com/n0/jfs/t1/9361/14/15398/207313/5c6f6780Ea1cb0bde/75da0ed4988f27b2.jpg', NULL),
(6, 2, 21, '一加手机6T 8GB+128GB 墨岩黑 超强城市夜景 光感屏幕指纹 全面屏双摄游戏手机 全网通4G 双卡双待', '2599.00', '购机优惠1000元！一加6T轻快流畅，光感屏幕指纹，一键快捷支付，手持城市夜景！', '<p style=\"text-align: center;\"><img src=\"https://img30.360buyimg.com/sku/jfs/t1/24494/38/7001/319217/5c66821bE46e8cede/3e786cc869223abf.jpg\">&nbsp;</p><p style=\"text-align: center;\"><img src=\"https://img30.360buyimg.com/sku/jfs/t1/28821/22/6981/396644/5c6681c5Ed85f599a/65fbb7ce0371f8a7.jpg\" style=\"font-size: 0.875rem;\"></p><p style=\"text-align: center;\"><img src=\"https://img30.360buyimg.com/sku/jfs/t1/23841/35/7136/394379/5c669515E0fe0d2d4/159ebf5146d1066f.jpg\" style=\"font-size: 0.875rem;\">&nbsp;<br></p>', 1559787151, 1, 'https://img14.360buyimg.com/n0/jfs/t1/6425/40/3887/217009/5bd716e9E4886d5d8/b3da975f4047ded3.jpg', NULL),
(7, 2, 21, '一加 OnePlus 7 骁龙855旗舰性能 4800万超清双摄 8GB+256GB 曜岩灰 全面屏拍照游戏智能手机', '2999.00', '双立体声扬声器，杜比全景声，UFS3.0，4800万超清双摄，OIS光学防抖！', '<p style=\"text-align: center;\"><img src=\"https://img20.360buyimg.com/vc/jfs/t1/33325/11/12739/197382/5cf74684E96002e46/5e8b402b74265bfc.jpg\">&nbsp;&nbsp;<br></p><p style=\"text-align: center;\"><img src=\"https://img20.360buyimg.com/vc/jfs/t1/82292/28/765/4117543/5cefadf0Ee8056a8b/9cd160bf70a23935.jpg\">&nbsp;&nbsp;<br></p><p style=\"text-align: center;\"><br></p>', 1559787511, 1, 'https://img14.360buyimg.com/n0/jfs/t1/77377/37/790/84433/5cf0c2caE131cf3b1/42084fc54596b4f8.jpg', NULL),
(8, 2, 21, '一加云耳2 磁吸入耳式 无线运动蓝牙线控耳机', '599.00', '一加云耳2，全新上市，声得我心，一场聆听盛宴！充电10分钟，听歌10小时！', '<p style=\"text-align: center;\"><img src=\"https://img20.360buyimg.com/vc/jfs/t29791/229/1492257784/2772925/88fba6c0/5ce2559dN382200ce.jpg\">&nbsp;&nbsp;<br></p>', 1559787684, 1, 'https://img14.360buyimg.com/n0/jfs/t10915/325/2901316976/104238/84c0fe4f/5cdcc911Nd1d8d6dd.jpg', NULL),
(9, 2, 21, '一加Warp闪充30电源适配器（中规）', '149.00', '边玩边充，闪速充电，快速回血，充电与体验，二者兼得，需搭配Warp闪充数据线使用支持30w闪充', '<p style=\"text-align: center;\"><img src=\"https://img20.360buyimg.com/vc/jfs/t11392/35/3134558443/784508/96b184f8/5ce29d54N3f90ee53.jpg\">&nbsp;&nbsp;<br></p>', 1559787732, 1, 'https://img14.360buyimg.com/n0/jfs/t28408/335/1501693565/96071/b67a76fb/5ce28662Naa8a8a79.jpg', NULL),
(10, 10, 25, 'vivo iQOO 6GB+128GB 电光蓝 全面屏智能拍照手机 骁龙855电竞游戏 全网通4G手机', '2798.00', '高通骁龙855，4000mAh大电池，非凡电竞体验！', '<p style=\"text-align: center;\"><img src=\"https://img10.360buyimg.com/imgzone/jfs/t1/32682/31/5722/297465/5c885d74E258e3202/372d555ddab9dbaf.jpg\">&nbsp;</p><p style=\"text-align: center;\"><img src=\"https://img10.360buyimg.com/imgzone/jfs/t1/22747/18/10529/281861/5c885d74E3ca8b0dd/0a9574e7ed201494.jpg\" style=\"font-size: 0.875rem;\">&nbsp;<br></p>', 1559788137, 1, 'https://img14.360buyimg.com/n0/jfs/t1/16938/25/8833/287777/5c791914E6649059c/0e2f0c1d7e74ce0e.jpg', NULL),
(11, 10, 25, 'vivo Z3 4GB+64GB 极光蓝 性能实力派 全面屏游戏手机 移动联通电信全网通4G手机', '1148.00', '骁龙670AIE处理器，4D游戏震撼体验！', '<p style=\"text-align: center;\"><img src=\"https://img10.360buyimg.com/imgzone/jfs/t1/26140/24/3133/299183/5c247bbfE8b417deb/6de8e650f05871b6.jpg\">&nbsp;</p><p style=\"text-align: center;\"><img src=\"https://img10.360buyimg.com/imgzone/jfs/t1/17360/14/3180/300752/5c247bc8E4e9a3aea/f2414ddef37a6eb9.jpg\" style=\"font-size: 0.875rem;\"></p><p style=\"text-align: center;\"><img src=\"https://img10.360buyimg.com/imgzone/jfs/t1/42951/40/4651/98392/5cd4eccaEb02e0958/4ef214a57dc19d83.jpg\" style=\"font-size: 0.875rem;\">&nbsp;<br></p><p><br></p>', 1559788636, 1, 'https://img14.360buyimg.com/n0/jfs/t25690/249/2278881791/224805/20c2401e/5bc832ffN19011cce.jpg', NULL),
(12, 10, 25, 'vivo Z3x 4GB+64GB 极光色 全面屏双摄拍照手机 移动联通电信全网通4G手机', '998.00', '骁龙660AIE处理器！1600AI智慧美颜！', '<p style=\"text-align: center;\"><img src=\"https://img10.360buyimg.com/imgzone/jfs/t1/35904/9/6225/590214/5cc2d2bbEab6c4c37/111295c5871a44e3.jpg\">&nbsp;</p><p style=\"text-align: center;\"><img src=\"https://img10.360buyimg.com/imgzone/jfs/t28018/316/1496995116/307501/7866419e/5ce25fc0Nc8137005.jpg\" style=\"font-size: 0.875rem;\"></p><p style=\"text-align: center;\"><img src=\"https://img10.360buyimg.com/imgzone/jfs/t1/79982/20/123/166559/5ce25fbfE860df552/7eac0c66a647281a.jpg\" style=\"font-size: 0.875rem;\">&nbsp;<br></p>', 1559788830, 1, 'https://img14.360buyimg.com/n0/jfs/t1/42351/11/593/190176/5cc2d0b5Ede0e520e/22f6b0b07075f1b7.jpg', NULL),
(13, 4, 22, '小米 红米Redmi K20 4800万超广角三摄 6GB+128GB 碳纤黑 全网通4G 双卡双待 全面屏拍照游戏智能手机', '2099.00', '【Redmik20系列旗舰新品】6月6日首卖赠耳机（定金预订客户同享）抢购成功用户，预计7天内发货。小米618，好物抢不停！', '<p style=\"text-align: center;\"><img src=\"https://img13.360buyimg.com/cms/jfs/t1/62005/27/543/186109/5cebe50fE231ad657/3f20d524a9bcc38d.jpg\">&nbsp;</p><p style=\"text-align: center;\"><img src=\"https://img30.360buyimg.com/sku/jfs/t1/80275/29/580/246907/5cecab02Ed55983ca/f9e47b9fd0c0f484.jpg\" style=\"font-size: 0.875rem;\">&nbsp;<br></p>', 1559789133, 1, 'https://img14.360buyimg.com/n0/jfs/t1/65038/26/483/224755/5ceb4b6cE78860d43/0ba7ba8198621b7c.jpg', NULL),
(14, 4, 22, '小米 Redmi K20Pro 4800万超广角三摄 8GB+256GB 碳纤黑 骁龙855 全网通4G 双卡双待 全面屏拍照游戏智能手机', '2999.00', '【新品抢购】白条6期免息，RedmiK20Pro骁龙855新品开抢，抢购成功用户预计7天内发货！红米K20新品预售，低至1999起，点击速抢', '<p style=\"text-align: center;\"><img src=\"https://img30.360buyimg.com/sku/jfs/t1/39407/32/7641/305905/5ceca7b1E0bc5679a/44c36030bd59d9fa.jpg\">&nbsp;</p><p style=\"text-align: center;\"><img src=\"https://img30.360buyimg.com/sku/jfs/t1/48385/24/1076/185275/5cecae60E92c04a0a/b3bc740552084aef.jpg\" style=\"font-size: 0.875rem;\">&nbsp;<br></p>', 1559789295, 1, 'https://img14.360buyimg.com/n0/jfs/t1/41069/14/5268/224755/5ceb4b2dE509aca2c/c57bbc4a52f3f8ee.jpg', NULL),
(15, 6, 23, '华为 HUAWEI P30 超感光徕卡三摄麒麟980AI智能芯片全面屏屏内指纹版手机8GB+128GB亮黑色全网通双4G手机', '4288.00', '【享6期免息+现在购机享价保至6月20日，现货提前购】！mate20优惠200+6期免息+赠大额购物卡，到手价3299起', '<p style=\"text-align: center;\"><img src=\"https://img20.360buyimg.com/vc/jfs/t1/33439/26/2361/571730/5cadd0d9E7807e2a2/cef07417934994d9.jpg\">&nbsp;</p><p style=\"text-align: center;\">&nbsp;<br></p>', 1559789406, 1, 'https://img14.360buyimg.com/n0/jfs/t1/30693/17/7599/332089/5c98cc1fE43eafa3c/3b3515c7537efeaf.jpg', NULL),
(16, 6, 23, '华为 HUAWEI P30 Pro 超感光徕卡四摄10倍混合变焦麒麟980芯片屏内指纹 8GB+128GB亮黑色全网通版双4G手机', '5488.00', '【享6期免息+现在购机享价保至6月20日，现货提前购】6.47英寸OLED曲面屏，4000万感光莱卡四摄，10倍混合变焦全场优惠高至600', '<p><img src=\"https://img20.360buyimg.com/vc/jfs/t1/36015/17/2034/491942/5cb53569E860eff1f/cffd372303d9bcf5.jpg\">&nbsp;&nbsp;<br></p>', 1559789469, 1, 'https://img14.360buyimg.com/n0/jfs/t1/25813/29/12657/304911/5c98c8e2E6bcf7d2d/25342f237b56fe97.jpg', NULL),
(17, 6, 23, '华为 HUAWEI Mate20X 麒麟980芯片全面屏超微距影像超大广角徕卡三摄6GB+128GB宝石蓝全网通版双4G游戏手机', '4489.00', '【享6期免息+领200券+赠送大额购物卡，到手价4299，现在购机享价保至6月20日，现货提前购】nova4e直降高至300，到手价1799起！', '<p style=\"text-align: center;\"><img src=\"https://img20.360buyimg.com/vc/jfs/t1/10525/7/4826/123148/5c0f7806Eab6a849f/3664e253aeae2b74.jpg\">&nbsp;&nbsp;<br></p><p style=\"text-align: center;\"><img src=\"https://img20.360buyimg.com/vc/jfs/t1/9243/18/2241/257365/5bd1877bE012d39b6/ad7aabff3cc7d06d.jpg\">&nbsp;&nbsp;<br></p>', 1559789523, 1, 'https://img14.360buyimg.com/n0/jfs/t25792/215/1911566869/331199/4e1aa140/5bbf1d23N3a4d87c5.jpg', NULL),
(18, 11, 24, '魅族16Xs 全面屏三摄拍照游戏手机 6GB+ 64GB骑士黑 4000mAh大电池全网通移动联通电信4G智能手机 双卡双待', '1698.00', '多彩新色系，极边全面屏，4800万AI三摄，疾速屏下指纹！魅族note8（4+64GB）低至849，欢迎点击抢购！', '<p style=\"text-align: center;\"><img src=\"https://img30.360buyimg.com/sku/jfs/t1/61975/25/817/259909/5cf0c838Efbd975a4/bbd96bf889b4a5b0.jpg\">&nbsp;<span style=\"font-size: 0.875rem;\">&nbsp;</span></p>', 1559789602, 1, 'https://img14.360buyimg.com/n0/jfs/t1/67169/33/772/77607/5cef83c7E147b5af8/ccc8d6a53f3b0900.jpg', NULL),
(19, 11, 24, '魅族 Note9 全面屏游戏拍照手机 4GB+64GB 幻黑 全网通移动联通电信4G手机 双卡双待', '1199.00', '限时优惠1199！6.2英寸全面屏，4800万像素，4000mAh大电池容量！魅族note8（4+64GB）低至799，欢迎点击抢购~', '<p><img src=\"https://img30.360buyimg.com/sku/jfs/t1/22209/2/12668/512428/5c998a4bE7247f75a/c5c9e36c39f3a83a.jpg\">&nbsp;<span style=\"font-size: 0.875rem;\">&nbsp;</span></p><p><br></p>', 1559789653, 1, 'https://img14.360buyimg.com/n0/jfs/t1/22075/38/10301/185219/5c85fb6eE1fe323fe/a2ca6bcfc22e4546.jpg', NULL),
(20, 11, 24, '魅族 16s 骁龙855全面屏拍照游戏手机 6GB+128GB 碳纤黑 全网通移动联通电信4G手机 双卡双待', '3198.00', '魅族旗舰系列16S，高通骁龙855，对称式全面屏，新一代屏下指纹，速来抢购！追求不止，只因热爱，魅族16S等你来购！', '<p style=\"text-align: center;\"><img src=\"https://img30.360buyimg.com/sku/jfs/t1/38771/1/1936/295294/5cbed283E4d85ba7e/08d1ca712f2c56ef.jpg\">&nbsp;</p><p style=\"text-align: center;\"><img src=\"https://img30.360buyimg.com/sku/jfs/t1/73020/17/553/471097/5ceca2c8Ea4be9978/58687383ecd6af4c.jpg\" style=\"font-size: 0.875rem;\">&nbsp;<br></p>', 1559789726, 1, 'https://img14.360buyimg.com/n0/jfs/t1/32781/7/14660/180884/5cbf0a0dEf8e77cea/38ae745e3853293e.jpg', NULL),
(21, 5, 26, 'OPPO Reno Z 4800万超清像素 超清夜景2.0 VOOC闪充 6GB+256GB 珊瑚橙 全网通4G 全面屏拍照游戏智能手机', '2499.00', '6月6日OPPO品牌日！【6.18全程价保+享一年屏碎保+蓝牙音箱+6期免息】4800万超清像素，VOOC闪充3.0,屏幕指纹', '<p style=\"text-align: center;\"><img src=\"https://img11.360buyimg.com/cms/jfs/t1/55143/25/1321/240427/5cf10598Efdc80706/ca80320b06ad947d.jpg\">&nbsp;&nbsp;<br></p>', 1559789791, 1, 'https://img14.360buyimg.com/n0/jfs/t1/38739/14/7716/141900/5cee1d87Ebc28a5c7/1e0c81ca8f0e61b0.jpg', NULL),
(22, 5, 26, 'OPPO Reno 10倍变焦版 高通骁龙855 4800万超清三摄 6GB+128GB 雾海绿 全网通 全面屏拍照游戏智能手机', '3999.00', '6月6日OPPO品牌日！【6.18全程价保+6期免息+一年京东碎屏保】10倍混合光学变焦，支持60倍数码变焦，高通骁龙855。', '<p style=\"text-align: center;\"><img src=\"https://img12.360buyimg.com/cms/jfs/t1/40555/9/4486/900052/5cd3eb74E8d8db195/71e273c3f838523f.gif\"><img src=\"https://img12.360buyimg.com/cms/jfs/t30088/295/1208455131/296779/d7830bfd/5cd94a18N9a951c40.jpg\" style=\"font-size: 0.875rem; text-align: left;\"><span style=\"font-size: 0.875rem;\">&nbsp;&nbsp;</span></p><p><br></p>', 1559789918, 1, 'https://img14.360buyimg.com/n0/jfs/t1/37238/7/2517/162814/5cb5f20aE5476a0d1/7814f889e23296a6.jpg', NULL),
(23, 5, 26, 'OPPO Find X冰珀蓝 8GB+256GB 全网通 移动联通电信全网通4G 双卡双待手机', '5499.00', '【6万+好评，爆款限量抢购】曲面全景屏、3D结构光面部支付、隐藏式摄像头、美颜拍照！', '<p style=\"text-align: center;\"><img src=\"https://img13.360buyimg.com/cms/jfs/t1/163/16/6010/128087/5ba05fe7E2588ed9d/3b4367ad897e5828.jpg\">&nbsp;</p><p style=\"text-align: center;\"><img src=\"https://img11.360buyimg.com/cms/jfs/t25033/18/341454578/315488/448a588/5b6be924N89613eb3.jpg\" style=\"font-size: 0.875rem;\">&nbsp;<br></p><p><br></p>', 1559789969, 1, 'https://img14.360buyimg.com/n0/jfs/t25648/16/263436507/98444/7399d046/5b6a9e4eN9138565c.jpg', NULL),
(24, 12, 27, 'Apple iPad Pro 12.9英寸平板电脑 2018款(64G WLAN版/全面屏/A12X/FaceID MTEL2CH/A)深空灰', '6999.00', '【Apple超级品牌日】买iPad即送蓝牙耳机！更有指定产品5折限量秒杀、白条12期免息、历史低价！', '<p><img src=\"https://img14.360buyimg.com/cms/jfs/t1/16252/12/7604/301818/5c6d6c25E12ffaeb8/91ed73a53b12fd76.jpg\">&nbsp;&nbsp;<br></p>', 1559790057, 1, 'https://img14.360buyimg.com/n0/jfs/t1/6031/34/4295/200504/5bd8aae2Ee4bd3529/d695e3db95cf66cb.jpg', NULL),
(25, 12, 27, 'Apple iPhone XS (A2100) 64GB 金色 移动联通电信4G手机', '7799.00', '【618盛典开启，抢券立减400元，限量赠价值358元Mophie无线充】优惠券、秒杀，你所需的尽在Apple产品主会场！', '<p><img src=\"https://img13.360buyimg.com/cms/jfs/t1/19848/17/9515/494518/5c7f8029E513d4302/43735fdac08d3917.jpg\">&nbsp;&nbsp;<br></p>', 1559790172, 1, 'https://img14.360buyimg.com/n0/jfs/t1/1468/11/3377/138213/5b997bf3Eda5b24a4/0ace3ed19582dbe6.jpg', NULL),
(26, 12, 27, 'Apple iPhone XS Max (A2104) 64GB 金色 移动联通电信4G手机 双卡双待', '7649.00', '【618盛典开启，抢券立减400元，到手价低至7249元】iPhoneXsMax大屏旗舰，支持双卡', '<p><img src=\"https://img13.360buyimg.com/cms/jfs/t1/19848/17/9515/494518/5c7f8029E513d4302/43735fdac08d3917.jpg\">&nbsp;&nbsp;<br></p>', 1559790212, 1, 'https://img14.360buyimg.com/n0/jfs/t1/4460/2/3458/153299/5b997bf0Ed101778b/2361563781a99acb.jpg', NULL),
(27, 13, 28, '三星 Galaxy S10+ 8GB+128GB皓玉白（SM-G9750）3D超声波屏下指纹超感官全视屏双卡双待全网通4G游戏手机', '6999.00', '【24期免息！279元/期！仅限今日】下单立减300元！到手价6699元！以旧换新补贴1000元E卡！', '<p><img src=\"https://img20.360buyimg.com/cms/jfs/t1/27454/26/15863/177914/5cb688faEca7491b6/e3ea745399454534.jpg\" alt=\"s10è¯¦æ-2_03.jpg\">&nbsp;&nbsp;<br></p>', 1559790270, 1, 'https://img14.360buyimg.com/n0/jfs/t1/10258/31/11947/205232/5c74b21eE06b4a484/7abac18ca0e45f30.jpg', NULL),
(28, 13, 28, '三星 Galaxy A8s 6GB+128GB 极光黑（SM-G8870）黑瞳全视屏手机 骁龙710芯片 后置三摄 全网通4G 双卡双待', '2198.00', '限时特惠！低至2198元！屏下摄像头！骁龙710！后置三摄！S10白条24期免息，仅限今日', '<p><img src=\"https://img30.360buyimg.com/cms/jfs/t1/26639/38/3438/238110/5c270da8Eb0e5dbac/4032228c4095cc5c.jpg\">&nbsp;</p><p><img src=\"https://img14.360buyimg.com/cms/jfs/t1/29106/26/3295/288997/5c25e347Ecf3cf282/60ce66e0e4648186.jpg\" style=\"font-size: 0.875rem;\">&nbsp;<br></p>', 1559790317, 1, 'https://img14.360buyimg.com/n0/jfs/t1/10497/19/4736/330833/5c0f7d5bE14201c6d/7e40e4f56636d58d.jpg', NULL);
INSERT INTO `goods` (`id`, `shop_id`, `cate`, `title`, `price`, `short_details`, `details`, `add_time`, `sell_status`, `img`, `save`) VALUES
(29, 13, 28, '三星 Galaxy S8 4GB+64GB 雾屿蓝（SM-G9500）全视曲面屏 虹膜识别 全网通4G 双卡双待', '2499.00', '【限时特惠，低至2499元！】全视曲面屏-虹膜识别！AKG调校！S10白条24期免息，仅限今日', '<p><img src=\"https://img20.360buyimg.com/vc/jfs/t5077/66/1578946308/351816/781cef7b/591189b8N11fceb78.jpg\">&nbsp;&nbsp;<br></p>', 1559790353, 1, 'https://img14.360buyimg.com/n0/jfs/t21721/111/1229903078/112369/bf5b42c2/5b233f56N26b86e97.jpg', NULL),
(30, 14, 29, '努比亚 nubia 红魔3游戏手机 8GB+128GB 玄铁黑 骁龙855 内置风扇 5000mAh大电池 90Hz 全面屏拍照电竞手机', '3499.00', '【领券立减300元/白条6期免息/赠原厂保护套+半年碎屏险】骁龙855/内置离心风扇散热/5000mAh大电池/618狂欢，更多优惠！', '<p><img src=\"https://img11.360buyimg.com/cms/jfs/t1/34812/22/9843/90665/5cd13fb1E0c3c37cb/178b01f8fe0971bf.jpg\">&nbsp;&nbsp;<br></p>', 1559790414, 1, 'https://img14.360buyimg.com/n0/jfs/t1/35979/14/4669/361147/5cc551aeE17a036eb/6612ea19b14e7dc4.jpg', NULL),
(31, 14, 29, '努比亚 nubia Z18 全面屏3.0 极夜黑 8GB+128GB 全网通 移动联通电信4G手机 双卡双待', '2549.00', '骁龙845芯片，1600万+2400万光学防抖！ET进化技术！无边水滴屏！618狂欢，更多优惠！', '<p><img src=\"https://img14.360buyimg.com/cms/jfs/t1/32470/38/1145/226294/5c4806a5E4526a255/aa07f3582e1ea777.jpg\">&nbsp;&nbsp;<br></p>', 1559790455, 1, 'https://img14.360buyimg.com/n0/jfs/t24985/157/1291480957/93984/ebe58af/5b8e38f0Nef74774e.jpg', NULL),
(32, 14, 29, '努比亚 nubia X 双面屏 深空灰 8GB+128GB 全网通 移动联通电信4G手机 双卡双待', '2299.00', '【直降1000元/含原厂手机壳】双屏黑科技/骁龙845/AOD熄屏/双摄AI美颜自拍/专业护眼屏/渐变机身/618狂欢，更多优惠！', '<p><img src=\"https://img12.360buyimg.com/cms/jfs/t1/19276/28/5643/240485/5c406bf3E94f120d4/830b286228255e53.jpg\">&nbsp;&nbsp;<br></p><p><br></p>', 1559790495, 1, 'https://img14.360buyimg.com/n0/jfs/t1/9387/36/15125/137170/5c6b6a9eE24b97359/f4e047de49600d22.jpg', NULL),
(33, 9, 30, '诺基亚 NOKIA X71 6GB+64GB 太空黑 蔡司认证 后置三摄 全网通 双卡双待 移动联通电信4G手机', '1999.00', '【诺基亚】X71，664版本新品限时直降200，到手价1999，蔡司认证，后置三摄，速来抢购~点击查看更多优惠噢', '<p><img src=\"https://img30.360buyimg.com/sku/jfs/t1/36416/3/4526/139585/5cc01e05E0065c447/e4397f32afa69b07.jpg\">&nbsp;&nbsp;<br></p>', 1559790605, 1, 'https://img14.360buyimg.com/n0/jfs/t1/33346/26/1398/278371/5ca57160Ea53e0265/38d2d8705211b798.jpg', NULL),
(34, 9, 30, '诺基亚 NOKIA X6 6GB+64GB 星空黑 全网通 双卡双待 移动联通电信4G手机', '899.00', '【诺基亚】X6爆款直降，到手价限时低至899，3060mah大电池，后置双摄，你值得拥有~点击查看更多优惠噢', '<p><img src=\"https://img30.360buyimg.com/sku/jfs/t1/40110/13/2308/136773/5cc019beE4c13a341/9b58fd1af3201dd1.jpg\">&nbsp;&nbsp;<br></p>', 1559790732, 1, 'https://img14.360buyimg.com/n0/jfs/t19759/338/2338072914/190731/65ba22/5af0647bNca23c27c.jpg', NULL),
(35, 15, 31, 'ikbc E412 108键 背光 Cherry樱桃轴 密码 机械键盘（游戏键盘 人体工学） 银轴', '799.00', 'E系列一体式掌托，全尺寸键帽', '<p><img src=\"https://img11.360buyimg.com/cms/jfs/t1/21508/35/9071/326200/5c7c88cdE8b821f52/11a7e614f8dfa97d.jpg\">&nbsp;&nbsp;<br></p>', 1559790892, 1, 'https://img14.360buyimg.com/n0/jfs/t1/29035/27/8774/170754/5c78cc84E2e14bf30/46c3b9b101548465.jpg', NULL),
(36, 16, 31, '樱桃（CHERRY）MX8.0 G80-3888HYAEU-2 机械键盘 有线键盘 游戏键盘 87键RGB背光 黑色 樱桃红轴 自营', '1639.00', '三期白条免息！CNC阳极氧化全铝机身，RGB幻彩灯光，高端品质无处不在！', '<p><img src=\"https://img30.360buyimg.com/sku/jfs/t9007/27/2376034183/229924/e6cc09ed/59cf124fN56162521.jpg\">&nbsp;&nbsp;<br></p>', 1559791738, 1, 'https://img14.360buyimg.com/n0/jfs/t12613/354/1653529022/3019531/75c48335/5a2508b2N729e55c8.jpg', NULL),
(37, 4, 32, '小米(MI)Pro 2019款 15.6英寸金属轻薄笔记本(第八代英特尔酷睿i5-8250U 8G 256G PCIE SSD MX250 2G独显 72%NTSC 指纹识别 Office)深空灰', '4998.00', '【6.6号小米品牌狂欢日】【品质优选、商务利器】【显卡升级为MX250】【PCIE固态硬盘、72%NTSC高色域全高清屏】更多爆款', '<p><img src=\"https://img30.360buyimg.com/sku/jfs/t1/29103/11/13148/567627/5c9d83a8Ecfdff587/c307492ad4045cba.jpg\">&nbsp;&nbsp;<br></p>', 1559791890, 1, 'https://img14.360buyimg.com/n0/jfs/t1/12000/39/12833/73676/5c94c285Ea7275d01/f76938fc69355595.jpg', NULL),
(38, 17, 32, '荣耀MagicBook 2019 14英寸轻薄窄边框笔记本电脑（AMD锐龙5 3500U 8G 512G FHD IPS 指纹解锁）冰河银', '3899.00', '【6.6京东超级品牌日预约抢购价3899元】金属轻薄机身，微边框护眼全高清IPS屏，一键指纹全“芯”升级，薄至15.8mm。稀缺货源，速速抢购', '<p><img src=\"https://img30.360buyimg.com/sku/jfs/t1/35337/4/2270/230005/5cb822d1Ecefdf5b2/eb7bfab672863bfe.jpg\">&nbsp;&nbsp;<br></p>', 1559791934, 1, 'https://img14.360buyimg.com/n0/jfs/t1/31510/5/8986/283616/5ca22287E39f7d685/fef97a4ccc084e40.jpg', NULL),
(39, 18, 32, '联想(Lenovo)拯救者Y7000P英特尔酷睿i5 15.6英寸高色域游戏笔记本电脑(i5 8G 512G SSD GTX1060 144Hz)', '6499.00', '【6月6日6499限量抢！】A面金属防划抗腐蚀，144Hz消除图像闪烁抖动，三边窄边框，512G_PICE大固态硬盘更多惊喜', '<p><img src=\"https://img30.360buyimg.com/sku/jfs/t1/29169/12/8406/201255/5c750573E8442725c/ae96974e25316766.jpg\">&nbsp;&nbsp;<br></p>', 1559791997, 1, 'https://img14.360buyimg.com/n0/jfs/t26743/103/1729821154/228380/3b20bf70/5bebd2cdNabea9166.jpg', NULL),
(40, 19, 33, '戴尔(DELL)灵越3670 英特尔酷睿i5 台式电脑整机(i5-8400 8G 128GSSD 1T 2G独显 WIFI 蓝牙 键鼠)23.6英寸', '4799.00', '戴尔618钜惠狂欢,6.1-6.18期间限时低至5折秒,爆款至高直降5000元限量抢,更有至高12期免息，更多惊喜低价都在这里', '<p><img src=\"https://img30.360buyimg.com/sku/jfs/t1/34616/17/4702/108311/5cbd24f3E00c35080/b7191deda4d5b1f0.jpg\">&nbsp;</p><p><img src=\"https://img30.360buyimg.com/sku/jfs/t1/4798/8/3834/348444/5b9a5c3eE4582b06d/fda3f075d46a9b4c.jpg\" style=\"font-size: 0.875rem;\">&nbsp;<br></p>', 1559969897, 1, 'https://img14.360buyimg.com/n0/jfs/t1/19887/24/10969/219004/5c8b2717E68463ca9/37f624088e68f400.jpg', NULL),
(41, 20, 33, 'AOC AIO721 21.5英寸超薄高清一体机电脑(Intel四核J1900 4G内存 120G固态 内置WiFi 三年上门 送商务键鼠)', '1845.00', '【填充短描述】AOC AIO721 21.5英寸超薄高清一体机电脑(Intel四核J1900 4G内存 120G固态 内置WiFi 三年上门 送商务键鼠)', '【填充长描述】AOC AIO721 21.5英寸超薄高清一体机电脑(Intel四核J1900 4G内存 120G固态 内置WiFi 三年上门 送商务键鼠)', 1559981621, 1, 'http://img12.360buyimg.com/n1/s450x450_jfs/t23398/105/919348763/375159/44001800/5b483ce4N9c532dee.jpg', NULL),
(42, 1, 33, '惠普（HP）暗影精灵3代 游戏台式电脑主机（i5-8400 8G高频 1T+128GSSD GTX1060 WiFi蓝牙 三年上门）', '4999.00', '【填充短描述】惠普（HP）暗影精灵3代 游戏台式电脑主机（i5-8400 8G高频 1T+128GSSD GTX1060 WiFi蓝牙 三年上门）', '【填充长描述】惠普（HP）暗影精灵3代 游戏台式电脑主机（i5-8400 8G高频 1T+128GSSD GTX1060 WiFi蓝牙 三年上门）', 1559981727, 1, 'http://img10.360buyimg.com/n1/s450x450_jfs/t1/15524/12/5109/176432/5c385592Ea75dbe81/16594d939165302e.jpg', NULL),
(43, 1, 33, '酷耶(Cooyes)i5升860K四核/GTX1060独显6G/台式机电脑主机整机全套组装家用游戏 套餐一(GTX750独显电脑主机)', '1699.00', '【填充短描述】酷耶(Cooyes)i5升860K四核/GTX1060独显6G/台式机电脑主机整机全套组装家用游戏 套餐一(GTX750独显电脑主机)', '【填充长描述】酷耶(Cooyes)i5升860K四核/GTX1060独显6G/台式机电脑主机整机全套组装家用游戏 套餐一(GTX750独显电脑主机)', 1559982261, 1, 'http://img14.360buyimg.com/n1/jfs/t27382/185/1816069237/402182/822addde/5bee9f0eN2fa47127.jpg', NULL),
(44, 1, 33, '宏硕 i5升i7级六核E5/游戏台式机电脑主机/双硬盘/8G独显吃鸡电竞组装电脑整机全套 套餐一 （六核/4G独显 电脑主机）', '1699.00', '【填充短描述】宏硕 i5升i7级六核E5/游戏台式机电脑主机/双硬盘/8G独显吃鸡电竞组装电脑整机全套 套餐一 （六核/4G独显 电脑主机）', '【填充长描述】宏硕 i5升i7级六核E5/游戏台式机电脑主机/双硬盘/8G独显吃鸡电竞组装电脑整机全套 套餐一 （六核/4G独显 电脑主机）', 1559982279, 1, 'http://img12.360buyimg.com/n1/jfs/t1/16708/10/1568/691049/5c138b50E2c76930c/7e8d96782bf42f3a.png', NULL),
(45, 19, 33, '戴尔（DELL）Precision T3630 图形工作站台式机 塔式服务器设计师办公电脑主机 慧采平台/企业特惠 联系客服 64G/512G+4T/RTX2080Ti-11G', '1249888.00', '【填充短描述】戴尔（DELL）Precision T3630 图形工作站台式机 塔式服务器设计师办公电脑主机 慧采平台/企业特惠 联系客服 64G/512G+4T/RTX2080Ti-11G', '【填充长描述】戴尔（DELL）Precision T3630 图形工作站台式机 塔式服务器设计师办公电脑主机 慧采平台/企业特惠 联系客服 64G/512G+4T/RTX2080Ti-11G', 1559982301, 1, 'http://img14.360buyimg.com/n1/jfs/t1/70914/40/1166/164490/5cf60acbE59ceb4aa/7f741ad13622d897.jpg', NULL),
(46, 18, 33, '联想（Lenovo） P920 联想工作站主机 图形处理 台式机 台式电脑 渲染 作图设计 高端定制 双颗铂金8180 28核2.5G 256G内存丨2块512G固态丨2*P5000', '241399.00', '【填充短描述】联想（Lenovo） P920 联想工作站主机 图形处理 台式机 台式电脑 渲染 作图设计 高端定制 双颗铂金8180 28核2.5G 256G内存丨2块512G固态丨2*P5000', '【填充长描述】联想（Lenovo） P920 联想工作站主机 图形处理 台式机 台式电脑 渲染 作图设计 高端定制 双颗铂金8180 28核2.5G 256G内存丨2块512G固态丨2*P5000', 1559982316, 1, 'http://img12.360buyimg.com/n1/jfs/t1/79101/9/335/506690/5ce8df70E8556fbb3/b8f7ee70ca329c90.png', NULL),
(47, 12, 33, 'Apple iMac【2019新品】27英寸苹果一体机5K屏 Core i5 8G 1TB融合 RP570X显卡 台式电脑主机MRQY2CH/A', '12699.00', '【填充短描述】Apple iMac【2019新品】27英寸苹果一体机5K屏 Core i5 8G 1TB融合 RP570X显卡 台式电脑主机MRQY2CH/A', '【填充长描述】Apple iMac【2019新品】27英寸苹果一体机5K屏 Core i5 8G 1TB融合 RP570X显卡 台式电脑主机MRQY2CH/A', 1559982438, 1, 'http://img13.360buyimg.com/n1/s450x450_jfs/t1/22959/12/11650/309807/5c91f12dEbf255deb/f2e7346cf5700c03.jpg', NULL),
(48, 18, 33, '联想(Lenovo)拯救者刃9000 3代 英特尔酷睿九代i7 UIY游戏电脑主机(I7-9700K RTX2060 6G 侧透16G 1TB SSD ）', '9199.00', '【填充短描述】联想(Lenovo)拯救者刃9000 3代 英特尔酷睿九代i7 UIY游戏电脑主机(I7-9700K RTX2060 6G 侧透16G 1TB SSD ）', '【填充长描述】联想(Lenovo)拯救者刃9000 3代 英特尔酷睿九代i7 UIY游戏电脑主机(I7-9700K RTX2060 6G 侧透16G 1TB SSD ）', 1559982454, 1, 'http://img14.360buyimg.com/n1/s450x450_jfs/t1/36975/35/8120/134568/5cd0fa28Ee2e44f7a/28593272ca800346.jpg', NULL),
(49, 1, 33, '狄派 i7升八核台式机电脑主机 /双硬盘/GTX1060/游戏电竞3D渲染吃鸡组装电脑整机全套 主机+27寸曲面电竞显示器 套餐三 （八核/16G/8G独显/240G+1T）', '4399.00', '【填充短描述】狄派 i7升八核台式机电脑主机 /双硬盘/GTX1060/游戏电竞3D渲染吃鸡组装电脑整机全套 主机+27寸曲面电竞显示器 套餐三 （八核/16G/8G独显/240G+1T）', '【填充长描述】狄派 i7升八核台式机电脑主机 /双硬盘/GTX1060/游戏电竞3D渲染吃鸡组装电脑整机全套 主机+27寸曲面电竞显示器 套餐三 （八核/16G/8G独显/240G+1T）', 1559982471, 1, 'http://img11.360buyimg.com/n1/jfs/t1/36620/22/7501/132536/5cc7f64cE7600fe45/0d0660e494a6a319.jpg', NULL),
(50, 1, 33, '惠普（HP）暗影精灵4代 游戏台式电脑主机（九代i7-9700F 8G 256GSSD+1TB GTX1660Ti 6G独显 三年上门）', '6899.00', '【填充短描述】惠普（HP）暗影精灵4代 游戏台式电脑主机（九代i7-9700F 8G 256GSSD+1TB GTX1660Ti 6G独显 三年上门）', '【填充长描述】惠普（HP）暗影精灵4代 游戏台式电脑主机（九代i7-9700F 8G 256GSSD+1TB GTX1660Ti 6G独显 三年上门）', 1559982541, 1, 'http://img10.360buyimg.com/n1/s450x450_jfs/t1/34894/23/9310/176636/5ccfdc2cEdfb070f4/c6ed7e073c7dde0a.jpg', NULL),
(51, 1, 33, '惠普（HP）战99商用办公台式电脑整机（i5-8500 8G 1T+128GSSD 2G独显 WiFi蓝牙 Office四年上门）23.8英寸', '5099.00', '【填充短描述】惠普（HP）战99商用办公台式电脑整机（i5-8500 8G 1T+128GSSD 2G独显 WiFi蓝牙 Office四年上门）23.8英寸', '【填充长描述】惠普（HP）战99商用办公台式电脑整机（i5-8500 8G 1T+128GSSD 2G独显 WiFi蓝牙 Office四年上门）23.8英寸', 1559982552, 1, 'http://img13.360buyimg.com/n1/s450x450_jfs/t1/25890/37/2188/214773/5c19e131Eca63a721/6eec05206d18d53c.jpg', NULL),
(52, 1, 33, '惠普（HP）小欧290 商务办公台式电脑整机（i5-8400 8G 1T+128GSSD WiFi串口 Win10 三年上门）23.8英寸', '4899.00', '【填充短描述】惠普（HP）小欧290 商务办公台式电脑整机（i5-8400 8G 1T+128GSSD WiFi串口 Win10 三年上门）23.8英寸', '【填充长描述】惠普（HP）小欧290 商务办公台式电脑整机（i5-8400 8G 1T+128GSSD WiFi串口 Win10 三年上门）23.8英寸', 1559982565, 1, 'http://img10.360buyimg.com/n1/s450x450_jfs/t22369/299/1177471398/275836/3431ef6a/5b21d8ecN154c124e.jpg', NULL),
(53, 1, 33, '神舟 HASEE 新瑞X20-8140S2W 商用办公台式电脑主机 (i3-8100  4G  256GSSD  内置wifi  win10)', '2299.00', '【填充短描述】神舟 HASEE 新瑞X20-8140S2W 商用办公台式电脑主机 (i3-8100  4G  256GSSD  内置wifi  win10)', '【填充长描述】神舟 HASEE 新瑞X20-8140S2W 商用办公台式电脑主机 (i3-8100  4G  256GSSD  内置wifi  win10)', 1559982582, 1, 'http://img12.360buyimg.com/n1/s450x450_jfs/t1/11255/18/9722/85282/5c7a312aE4d606f07/aa4063a77f6d5bfd.jpg', NULL),
(54, 1, 33, '神舟(HASEE)mini PC2 D1 商用办公迷你台式电脑主机(J3160 4G 128GSSD 黄色', '1299.00', '【填充短描述】神舟(HASEE)mini PC2 D1 商用办公迷你台式电脑主机(J3160 4G 128GSSD 黄色', '【填充长描述】神舟(HASEE)mini PC2 D1 商用办公迷你台式电脑主机(J3160 4G 128GSSD 黄色', 1559982601, 1, 'http://img14.360buyimg.com/n1/jfs/t1/18557/26/2680/47862/5c203badE6ca93628/d74b14342c7152bf.jpg', NULL),
(55, 1, 33, '神舟(HASEE) K80-CP5 炫龙系列商用办公台式迷你主机(I3 8100 4G 120G) 黑色', '3199.00', '【填充短描述】神舟(HASEE) K80-CP5 炫龙系列商用办公台式迷你主机(I3 8100 4G 120G) 黑色', '【填充长描述】神舟(HASEE) K80-CP5 炫龙系列商用办公台式迷你主机(I3 8100 4G 120G) 黑色', 1559982615, 1, 'http://img11.360buyimg.com/n1/jfs/t1/28558/8/2454/70904/5c1c86b1Eeb02075f/851af70f09277a85.jpg', NULL),
(56, 6, 32, '华为HUAWEI MateBook 14 全面屏轻薄性能笔记本电脑(英特尔酷睿i5 8G 512G MX250 office 2K 一碰传)灰', '5999.00', '【填充短描述】华为HUAWEI MateBook 14 全面屏轻薄性能笔记本电脑(英特尔酷睿i5 8G 512G MX250 office 2K 一碰传)灰', '【填充长描述】华为HUAWEI MateBook 14 全面屏轻薄性能笔记本电脑(英特尔酷睿i5 8G 512G MX250 office 2K 一碰传)灰', 1559982685, 1, 'http://img10.360buyimg.com/n1/jfs/t1/31203/23/9994/197564/5cab210dE64e20358/d94e70571c1fd455.jpg', NULL),
(57, 6, 32, '华为(HUAWEI) MateBook E 2019款 12英寸ACPC全连接轻薄二合一笔记本平板电脑（ 钛金灰 高通骁龙850 8G 256G）', '3999.00', '【填充短描述】华为(HUAWEI) MateBook E 2019款 12英寸ACPC全连接轻薄二合一笔记本平板电脑（ 钛金灰 高通骁龙850 8G 256G）', '【填充长描述】华为(HUAWEI) MateBook E 2019款 12英寸ACPC全连接轻薄二合一笔记本平板电脑（ 钛金灰 高通骁龙850 8G 256G）', 1559982737, 1, 'http://img10.360buyimg.com/n1/s450x450_jfs/t1/28529/28/14095/308403/5ca5c566E256eed12/42aa00e5b7798ad9.jpg', NULL),
(58, 17, 32, '荣耀MagicBook 英特尔酷睿i514英寸轻薄窄边框笔记本电脑（i5-8250U 8G 256G MX150 2G独显 FHD IPS ）冰河银', '4499.00', '【填充短描述】荣耀MagicBook 英特尔酷睿i514英寸轻薄窄边框笔记本电脑（i5-8250U 8G 256G MX150 2G独显 FHD IPS ）冰河银', '【填充长描述】荣耀MagicBook 英特尔酷睿i514英寸轻薄窄边框笔记本电脑（i5-8250U 8G 256G MX150 2G独显 FHD IPS ）冰河银', 1559982755, 1, 'http://img12.360buyimg.com/n1/s450x450_jfs/t1/52164/33/1780/244330/5cf8e734E24eb9e5f/4c20a7949b7c3483.jpg', NULL),
(59, 19, 32, '戴尔DELL灵越7000 15.6英寸高性能轻薄设计师笔记本电脑(i7-9750H 8G 512G GTX1650 4G独显 窄边框 高色域)', '7599.00', '【填充短描述】戴尔DELL灵越7000 15.6英寸高性能轻薄设计师笔记本电脑(i7-9750H 8G 512G GTX1650 4G独显 窄边框 高色域)', '【填充长描述】戴尔DELL灵越7000 15.6英寸高性能轻薄设计师笔记本电脑(i7-9750H 8G 512G GTX1650 4G独显 窄边框 高色域)', 1559982796, 1, 'http://img11.360buyimg.com/n1/s450x450_jfs/t1/74807/7/940/212154/5cf3008eE92767c7f/8ab3ff0a39257f49.jpg', NULL),
(60, 19, 32, '戴尔DELL游匣G315.6英寸英特尔酷睿i7游戏笔记本电脑(i7-8750H 8G 128G 1T GTX1060MQ 6G独显 背光键盘 IPS)', '6499.00', '【填充短描述】戴尔DELL游匣G315.6英寸英特尔酷睿i7游戏笔记本电脑(i7-8750H 8G 128G 1T GTX1060MQ 6G独显 背光键盘 IPS)', '【填充长描述】戴尔DELL游匣G315.6英寸英特尔酷睿i7游戏笔记本电脑(i7-8750H 8G 128G 1T GTX1060MQ 6G独显 背光键盘 IPS)', 1559982808, 1, 'http://img14.360buyimg.com/n1/s450x450_jfs/t1/23498/2/6086/331642/5c4ab9bfE5b8517c9/cacc9985eb090ac5.jpg', NULL),
(61, 19, 32, '戴尔灵越14燃 14英寸轻薄窄边框笔记本电脑(i5-8265U 8G 256GSSD FHD 背光键盘)冰河银', '4799.00', '【填充短描述】戴尔灵越14燃 14英寸轻薄窄边框笔记本电脑(i5-8265U 8G 256GSSD FHD 背光键盘)冰河银', '【填充长描述】戴尔灵越14燃 14英寸轻薄窄边框笔记本电脑(i5-8265U 8G 256GSSD FHD 背光键盘)冰河银', 1559982825, 1, 'http://img14.360buyimg.com/n1/s450x450_jfs/t30199/356/692587479/372035/10b3283b/5bfb8787N5e60ed74.jpg', NULL),
(62, 19, 32, '戴尔DELL游匣G3 15.6英寸轻薄游戏笔记本电脑(九代i7-9750H 8G 128GSSD 1T GTX1650 4G独显 IPS 72%NTSC)', '6799.00', '【填充短描述】戴尔DELL游匣G3 15.6英寸轻薄游戏笔记本电脑(九代i7-9750H 8G 128GSSD 1T GTX1650 4G独显 IPS 72%NTSC)', '【填充长描述】戴尔DELL游匣G3 15.6英寸轻薄游戏笔记本电脑(九代i7-9750H 8G 128GSSD 1T GTX1650 4G独显 IPS 72%NTSC)', 1559982839, 1, 'http://img14.360buyimg.com/n1/s450x450_jfs/t1/39828/6/6638/265885/5cd26263E6a20420a/5dcd2601829624e2.jpg', NULL),
(63, 1, 32, '宏?(Acer)暗影骑士3英特尔酷睿i5游戏本 15.6英寸笔记本电脑AN5(8G 128G SSD+1T GTX1050 4G IPS 背光键盘)', '4999.00', '【填充短描述】宏?(Acer)暗影骑士3英特尔酷睿i5游戏本 15.6英寸笔记本电脑AN5(8G 128G SSD+1T GTX1050 4G IPS 背光键盘)', '【填充长描述】宏?(Acer)暗影骑士3英特尔酷睿i5游戏本 15.6英寸笔记本电脑AN5(8G 128G SSD+1T GTX1050 4G IPS 背光键盘)', 1559982858, 1, 'http://img13.360buyimg.com/n1/s450x450_jfs/t1/80598/27/1106/171717/5cf4a8a2E789ea12b/2385bfbb4bec0b49.jpg', NULL),
(64, 1, 32, '宏?（Acer）墨舞X349 14英寸轻薄笔记本（i5-7200U 8G 256GPCIe IPS全高清 1.53kg 背光键盘 铝合金机身)', '3796.00', '【填充短描述】宏?（Acer）墨舞X349 14英寸轻薄笔记本（i5-7200U 8G 256GPCIe IPS全高清 1.53kg 背光键盘 铝合金机身)', '【填充长描述】宏?（Acer）墨舞X349 14英寸轻薄笔记本（i5-7200U 8G 256GPCIe IPS全高清 1.53kg 背光键盘 铝合金机身)', 1559982866, 1, 'http://img11.360buyimg.com/n1/s450x450_jfs/t11572/156/2615622243/140258/37d7a261/5a1bdeb9N22317808.jpg', NULL),
(65, 1, 32, '宏?(Acer)暗影骑士4 英特尔酷睿i5游戏本15.6英寸72%NTSC微边框笔记本电脑AN5(8G 512GPCIe GTX1650 4G IPS)', '5999.00', '【填充短描述】宏?(Acer)暗影骑士4 英特尔酷睿i5游戏本15.6英寸72%NTSC微边框笔记本电脑AN5(8G 512GPCIe GTX1650 4G IPS)', '【填充长描述】宏?(Acer)暗影骑士4 英特尔酷睿i5游戏本15.6英寸72%NTSC微边框笔记本电脑AN5(8G 512GPCIe GTX1650 4G IPS)', 1559982873, 1, 'http://img12.360buyimg.com/n1/s450x450_jfs/t26902/298/2539105595/204197/f1234a8e/5cde74cfN7698a760.jpg', NULL),
(66, 1, 32, '掠夺者Predator刀锋500英特尔酷睿i7 RTX2060 6G 144Hz 3ms 15.6英寸微边框轻薄电竞游戏笔记本电脑 16G 512G', '14999.00', '【填充短描述】掠夺者Predator刀锋500英特尔酷睿i7 RTX2060 6G 144Hz 3ms 15.6英寸微边框轻薄电竞游戏笔记本电脑 16G 512G', '【填充长描述】掠夺者Predator刀锋500英特尔酷睿i7 RTX2060 6G 144Hz 3ms 15.6英寸微边框轻薄电竞游戏笔记本电脑 16G 512G', 1559982880, 1, 'http://img12.360buyimg.com/n1/s450x450_jfs/t1/44278/15/5315/148603/5cee402aE222d27ec/31efed6c632c1401.jpg', NULL),
(67, 1, 31, '雷柏（Rapoo） V500PRO单光版 机械键盘 有线键盘 游戏键盘 104键单光键盘 吃鸡键盘 黑色 红轴', '159.00', '【填充短描述】雷柏（Rapoo） V500PRO单光版 机械键盘 有线键盘 游戏键盘 104键单光键盘 吃鸡键盘 黑色 红轴', '【填充长描述】雷柏（Rapoo） V500PRO单光版 机械键盘 有线键盘 游戏键盘 104键单光键盘 吃鸡键盘 黑色 红轴', 1559983215, 1, 'http://img13.360buyimg.com/n1/s450x450_jfs/t1/51421/33/1853/219805/5cf91e18E735af719/f63b3ded33e84f53.jpg', NULL),
(68, 16, 31, '雷柏（Rapoo） V808RGB 机械键盘 有线键盘 游戏键盘 104键RGB背光键盘 原厂Cherry轴 黑色 樱桃红轴 自营', '499.00', '【填充短描述】雷柏（Rapoo） V808RGB 机械键盘 有线键盘 游戏键盘 104键RGB背光键盘 原厂Cherry轴 黑色 樱桃红轴 自营', '【填充长描述】雷柏（Rapoo） V808RGB 机械键盘 有线键盘 游戏键盘 104键RGB背光键盘 原厂Cherry轴 黑色 樱桃红轴 自营', 1559983230, 1, 'http://img13.360buyimg.com/n1/s450x450_jfs/t1/75156/26/1263/216149/5cf7c6b4Eb9d1a7a2/45cb459ea87e18a4.jpg', NULL),
(69, 8, 31, '美商海盗船 (USCORSAIR) K70 RGB MK.2 CherryMX青轴 机械键盘 炫彩背光', '899.00', '【填充短描述】美商海盗船 (USCORSAIR) K70 RGB MK.2 CherryMX青轴 机械键盘 炫彩背光', '【填充长描述】美商海盗船 (USCORSAIR) K70 RGB MK.2 CherryMX青轴 机械键盘 炫彩背光', 1559983248, 1, 'http://img14.360buyimg.com/n1/s450x450_jfs/t24133/353/1049323339/138104/4980dcff/5b4dd15bN04fe5121.jpg', NULL),
(70, 8, 31, '美商海盗船 (USCORSAIR) K70 RGB MK.2 机械键盘 有线键盘 游戏键盘 全尺寸 RGB背光 黑色 樱桃银轴 自营', '1149.00', '【填充短描述】美商海盗船 (USCORSAIR) K70 RGB MK.2 机械键盘 有线键盘 游戏键盘 全尺寸 RGB背光 黑色 樱桃银轴 自营', '【填充长描述】美商海盗船 (USCORSAIR) K70 RGB MK.2 机械键盘 有线键盘 游戏键盘 全尺寸 RGB背光 黑色 樱桃银轴 自营', 1559983263, 1, 'http://img10.360buyimg.com/n1/s450x450_jfs/t22081/60/1804888230/138104/4980dcff/5b35cb42Ndb6630ff.jpg', NULL),
(71, 4, 31, '悦米MK01B机械键盘小米生态链樱桃轴Cherry红轴游戏键盘绝地求生吃鸡键盘 87键背光白色', '399.00', '【填充短描述】悦米MK01B机械键盘小米生态链樱桃轴Cherry红轴游戏键盘绝地求生吃鸡键盘 87键背光白色', '【填充长描述】悦米MK01B机械键盘小米生态链樱桃轴Cherry红轴游戏键盘绝地求生吃鸡键盘 87键背光白色', 1559983269, 1, 'http://img13.360buyimg.com/n1/s450x450_jfs/t14854/223/217384106/202201/9a6269f3/5a2683c4N2c93e020.jpg', NULL),
(73, 4, 31, '小米（MI）小米机械手感游戏键盘  RGB炫彩背光|铝合金上盖|定制游戏轴体', '229.00', '【填充短描述】小米（MI）小米机械手感游戏键盘  RGB炫彩背光|铝合金上盖|定制游戏轴体', '【填充长描述】小米（MI）小米机械手感游戏键盘  RGB炫彩背光|铝合金上盖|定制游戏轴体', 1559983286, 1, 'http://img10.360buyimg.com/n1/s450x450_jfs/t1/20073/40/476/168058/5c0a197dE64b1546e/9eaeaf0366be07e0.jpg', NULL),
(74, 1, 31, '罗技 Logitech/G213键盘G102电竞鼠标RGB炫光绝地求生吃鸡游戏键盘鼠标 G213键盘', '349.00', '【填充短描述】罗技 Logitech/G213键盘G102电竞鼠标RGB炫光绝地求生吃鸡游戏键盘鼠标 G213键盘', '【填充长描述】罗技 Logitech/G213键盘G102电竞鼠标RGB炫光绝地求生吃鸡游戏键盘鼠标 G213键盘', 1559983295, 1, 'http://img13.360buyimg.com/n1/jfs/t5602/339/8212558525/184096/37b0422c/59798d33Nd4823465.jpg', NULL),
(75, 1, 31, '罗技（G）G512 RGB电竞游戏机械键盘 L红C青T茶轴g610/g810升级版 英雄联盟吃鸡键盘 G512 RGB机械游戏键盘（T 茶轴）', '469.00', '【填充短描述】罗技（G）G512 RGB电竞游戏机械键盘 L红C青T茶轴g610/g810升级版 英雄联盟吃鸡键盘 G512 RGB机械游戏键盘（T 茶轴）', '【填充长描述】罗技（G）G512 RGB电竞游戏机械键盘 L红C青T茶轴g610/g810升级版 英雄联盟吃鸡键盘 G512 RGB机械游戏键盘（T 茶轴）', 1559983304, 1, 'http://img11.360buyimg.com/n1/jfs/t1/15792/20/15229/136380/5cae9635E3ff8d999/69064bcae8b6fa7c.jpg', NULL),
(76, 1, 31, '罗技（Logitech） K840有线游戏竞技办公笔记本台式机家用机械键盘104吃鸡键盘 灰色', '289.00', '【填充短描述】罗技（Logitech） K840有线游戏竞技办公笔记本台式机家用机械键盘104吃鸡键盘 灰色', '【填充长描述】罗技（Logitech） K840有线游戏竞技办公笔记本台式机家用机械键盘104吃鸡键盘 灰色', 1559983311, 1, 'http://img12.360buyimg.com/n1/s450x450_jfs/t24250/132/2317675216/174828/317f825f/5b7a8d74N34c994cb.jpg', NULL),
(77, 2, 21, '一加 OnePlus 7 Pro 2K+90Hz 流体屏 骁龙855旗舰 4800万超广角三摄 6GB+128GB 曜岩灰 全面屏拍照游戏手机', '3999.00', '【填充短描述】一加 OnePlus 7 Pro 2K+90Hz 流体屏 骁龙855旗舰 4800万超广角三摄 6GB+128GB 曜岩灰 全面屏拍照游戏手机', '【填充长描述】一加 OnePlus 7 Pro 2K+90Hz 流体屏 骁龙855旗舰 4800万超广角三摄 6GB+128GB 曜岩灰 全面屏拍照游戏手机', 1559983481, 1, 'http://img10.360buyimg.com/n1/s450x450_jfs/t10177/288/2947382092/179246/af2020dd/5cdd0c63N4eb54855.jpg', NULL),
(78, 2, 21, '一加 OnePlus 7 Pro 2K+90Hz 流体屏 骁龙855旗舰 4800万超广角三摄 8GB+256GB 星雾蓝 全面屏拍照游戏手机', '4499.00', '【填充短描述】一加 OnePlus 7 Pro 2K+90Hz 流体屏 骁龙855旗舰 4800万超广角三摄 8GB+256GB 星雾蓝 全面屏拍照游戏手机', '【填充长描述】一加 OnePlus 7 Pro 2K+90Hz 流体屏 骁龙855旗舰 4800万超广角三摄 8GB+256GB 星雾蓝 全面屏拍照游戏手机', 1559983499, 1, 'http://img11.360buyimg.com/n1/jfs/t30040/100/1290632710/208879/1f7e2225/5cdd0d92Nb78895a6.jpg', NULL),
(79, 2, 21, '一加 OnePlus 7 Pro 2K+90Hz 流体屏 骁龙855旗舰 4800万超广角三摄 8GB+256GB 曜岩灰 全面屏拍照游戏手机', '4499.00', '【填充短描述】一加 OnePlus 7 Pro 2K+90Hz 流体屏 骁龙855旗舰 4800万超广角三摄 8GB+256GB 曜岩灰 全面屏拍照游戏手机', '【填充长描述】一加 OnePlus 7 Pro 2K+90Hz 流体屏 骁龙855旗舰 4800万超广角三摄 8GB+256GB 曜岩灰 全面屏拍照游戏手机', 1559983507, 1, 'http://img12.360buyimg.com/n1/jfs/t29932/142/1355094658/179246/af2020dd/5cdd0ce1Nf84c0c4d.jpg', NULL),
(80, 2, 21, '一加 OnePlus 7 骁龙855旗舰性能 4800万超清双摄 8GB+256GB 珐琅红 全面屏拍照游戏智能手机', '2999.00', '【填充短描述】一加 OnePlus 7 骁龙855旗舰性能 4800万超清双摄 8GB+256GB 珐琅红 全面屏拍照游戏智能手机', '【填充长描述】一加 OnePlus 7 骁龙855旗舰性能 4800万超清双摄 8GB+256GB 珐琅红 全面屏拍照游戏智能手机', 1559983527, 1, 'http://img13.360buyimg.com/n1/jfs/t1/70997/7/827/222857/5cf0c303Eed51c41f/cc61ce9e0d53fee9.jpg', NULL),
(81, 2, 21, '一加 OnePlus 7 骁龙855旗舰性能 4800万超清双摄 12GB+256GB 曜岩灰 全面屏拍照游戏智能手机', '3499.00', '【填充短描述】一加 OnePlus 7 骁龙855旗舰性能 4800万超清双摄 12GB+256GB 曜岩灰 全面屏拍照游戏智能手机', '【填充长描述】一加 OnePlus 7 骁龙855旗舰性能 4800万超清双摄 12GB+256GB 曜岩灰 全面屏拍照游戏智能手机', 1559983534, 1, 'http://img14.360buyimg.com/n1/jfs/t1/48950/29/1292/84433/5cf0c339Eb47e95fc/8e12d2e404f44509.jpg', NULL),
(82, 2, 21, '一加手机6T 8GB+128GB 亮瓷黑 超强城市夜景 光感屏幕指纹 全面屏双摄游戏手机 全网通4G 双卡双待', '2599.00', '【填充短描述】一加手机6T 8GB+128GB 亮瓷黑 超强城市夜景 光感屏幕指纹 全面屏双摄游戏手机 全网通4G 双卡双待', '【填充长描述】一加手机6T 8GB+128GB 亮瓷黑 超强城市夜景 光感屏幕指纹 全面屏双摄游戏手机 全网通4G 双卡双待', 1559983548, 1, 'http://img12.360buyimg.com/n1/s450x450_jfs/t27334/281/1963498891/181861/487dc16e/5bf287b2N5a644a63.jpg', NULL),
(83, 2, 21, '一加Warp闪充30车载充电器（冰川灰）', '199.00', '【填充短描述】一加Warp闪充30车载充电器（冰川灰）', '【填充长描述】一加Warp闪充30车载充电器（冰川灰）', 1559983586, 1, 'http://img14.360buyimg.com/n1/s450x450_jfs/t1/52902/30/766/92484/5ce7b675E24bb22c5/e697c329c87ecbd2.jpg', NULL),
(84, 4, 22, '小米 红米Redmi Note7 幻彩渐变AI双摄 4GB+64GB 暮光金 全网通4G 双卡双待 水滴全面屏拍照游戏智能手机', '1199.00', '【填充短描述】小米 红米Redmi Note7 幻彩渐变AI双摄 4GB+64GB 暮光金 全网通4G 双卡双待 水滴全面屏拍照游戏智能手机', '【填充长描述】小米 红米Redmi Note7 幻彩渐变AI双摄 4GB+64GB 暮光金 全网通4G 双卡双待 水滴全面屏拍照游戏智能手机', 1559983677, 1, 'http://img13.360buyimg.com/n1/s450x450_jfs/t1/11494/39/5833/148091/5c371d4cE7f024c83/102c2223999f3893.jpg', NULL),
(85, 4, 22, '小米 红米Redmi Note7Pro AI双摄 6GB+128GB 暮光金 全网通4G 双卡双待 水滴屏拍照游戏手机', '1599.00', '【填充短描述】小米 红米Redmi Note7Pro AI双摄 6GB+128GB 暮光金 全网通4G 双卡双待 水滴屏拍照游戏手机', '【填充长描述】小米 红米Redmi Note7Pro AI双摄 6GB+128GB 暮光金 全网通4G 双卡双待 水滴屏拍照游戏手机', 1559983689, 1, 'http://img11.360buyimg.com/n1/s450x450_jfs/t1/38599/12/8310/142308/5cf8771bE075038d0/77bf0c0fa3689aa2.jpg', NULL),
(86, 4, 22, '小米 红米Redmi Note7 幻彩渐变AI双摄 4GB+64GB 梦幻蓝 全网通4G 双卡双待 水滴全面屏拍照游戏智能手机', '1199.00', '【填充短描述】小米 红米Redmi Note7 幻彩渐变AI双摄 4GB+64GB 梦幻蓝 全网通4G 双卡双待 水滴全面屏拍照游戏智能手机', '【填充长描述】小米 红米Redmi Note7 幻彩渐变AI双摄 4GB+64GB 梦幻蓝 全网通4G 双卡双待 水滴全面屏拍照游戏智能手机', 1559983695, 1, 'http://img13.360buyimg.com/n1/s450x450_jfs/t1/9085/2/12381/146200/5c371c5bE08328383/4f4ba51aed682207.jpg', NULL),
(87, 4, 22, '小米 红米Redmi Note7Pro AI双摄 6GB+128GB 亮黑色 全网通4G 双卡双待 水滴屏拍照游戏手机', '1599.00', '【填充短描述】小米 红米Redmi Note7Pro AI双摄 6GB+128GB 亮黑色 全网通4G 双卡双待 水滴屏拍照游戏手机', '【填充长描述】小米 红米Redmi Note7Pro AI双摄 6GB+128GB 亮黑色 全网通4G 双卡双待 水滴屏拍照游戏手机', 1559983718, 1, 'http://img11.360buyimg.com/n1/s450x450_jfs/t1/78093/14/1248/123184/5cf876d9E7958eb3a/6da1d65da65bfd20.jpg', NULL),
(88, 4, 22, '小米 Redmi 7 AI双摄 3GB+32GB 亮黑色 全网通4G 双卡双待 水滴全面屏拍照游戏智能手机', '799.00', '【填充短描述】小米 Redmi 7 AI双摄 3GB+32GB 亮黑色 全网通4G 双卡双待 水滴全面屏拍照游戏智能手机', '【填充长描述】小米 Redmi 7 AI双摄 3GB+32GB 亮黑色 全网通4G 双卡双待 水滴全面屏拍照游戏智能手机', 1559983724, 1, 'http://img12.360buyimg.com/n1/s450x450_jfs/t1/29397/16/14664/80814/5cb06a28E3de55670/fb7b968a62eb10ef.jpg', NULL),
(89, 4, 22, '小米 红米Redmi Note7Pro AI双摄 6GB+128GB 梦幻蓝 全网通4G 双卡双待 水滴屏拍照游戏手机', '1599.00', '【填充短描述】小米 红米Redmi Note7Pro AI双摄 6GB+128GB 梦幻蓝 全网通4G 双卡双待 水滴屏拍照游戏手机', '【填充长描述】小米 红米Redmi Note7Pro AI双摄 6GB+128GB 梦幻蓝 全网通4G 双卡双待 水滴屏拍照游戏手机', 1559983731, 1, 'http://img10.360buyimg.com/n1/s450x450_jfs/t1/48857/39/1752/142066/5cf87799E77ba733d/ed8ff11ad7999e6b.jpg', NULL),
(90, 4, 22, '小米8SE 全面屏智能游戏拍照手机 6GB+64GB 灰色 骁龙710处理器 全网通4G 双卡双待', '1249.00', '【填充短描述】小米8SE 全面屏智能游戏拍照手机 6GB+64GB 灰色 骁龙710处理器 全网通4G 双卡双待', '【填充长描述】小米8SE 全面屏智能游戏拍照手机 6GB+64GB 灰色 骁龙710处理器 全网通4G 双卡双待', 1559983737, 1, 'http://img11.360buyimg.com/n1/s450x450_jfs/t22330/332/515182850/188708/3dbe80f8/5b0fbaabN3229c7a3.jpg', NULL),
(91, 4, 22, '小米 红米Redmi 7A AI美颜 2GB+16GB 磨砂黑 全网通4G 双卡双待 拍照游戏智能手机', '549.00', '【填充短描述】小米 红米Redmi 7A AI美颜 2GB+16GB 磨砂黑 全网通4G 双卡双待 拍照游戏智能手机', '【填充长描述】小米 红米Redmi 7A AI美颜 2GB+16GB 磨砂黑 全网通4G 双卡双待 拍照游戏智能手机', 1559983747, 1, 'http://img13.360buyimg.com/n1/s450x450_jfs/t1/52345/8/992/298511/5ceb4b90E6559ed0c/b537bbde8a01a37d.jpg', NULL),
(92, 6, 23, '华为 HUAWEI P20 Pro 全面屏徕卡三摄游戏手机 6GB+128GB 亮黑色 全网通移动联通电信4G手机 双卡双待', '3478.00', '【填充短描述】华为 HUAWEI P20 Pro 全面屏徕卡三摄游戏手机 6GB+128GB 亮黑色 全网通移动联通电信4G手机 双卡双待', '【填充长描述】华为 HUAWEI P20 Pro 全面屏徕卡三摄游戏手机 6GB+128GB 亮黑色 全网通移动联通电信4G手机 双卡双待', 1559983857, 1, 'http://img13.360buyimg.com/n1/s450x450_jfs/t19510/195/1236218111/148413/135b5703/5ac1eba8N88880b03.jpg', NULL),
(93, 17, 23, '荣耀20i 3200万AI自拍 超广角三摄 全网通版6GB+64GB 幻夜黑 移动联通电信4G全面屏手机 双卡双待', '1599.00', '【填充短描述】荣耀20i 3200万AI自拍 超广角三摄 全网通版6GB+64GB 幻夜黑 移动联通电信4G全面屏手机 双卡双待', '【填充长描述】荣耀20i 3200万AI自拍 超广角三摄 全网通版6GB+64GB 幻夜黑 移动联通电信4G全面屏手机 双卡双待', 1559983864, 1, 'http://img12.360buyimg.com/n1/s450x450_jfs/t1/35870/26/11657/245497/5cfa7ff0Edc30c9bf/46b83339fc79a022.jpg', NULL),
(94, 6, 23, '华为 HUAWEI nova 4e 3200万立体美颜AI超广角三摄珍珠屏6GB+128GB雀翎蓝全网通版双4G手机', '1999.00', '【填充短描述】华为 HUAWEI nova 4e 3200万立体美颜AI超广角三摄珍珠屏6GB+128GB雀翎蓝全网通版双4G手机', '【填充长描述】华为 HUAWEI nova 4e 3200万立体美颜AI超广角三摄珍珠屏6GB+128GB雀翎蓝全网通版双4G手机', 1559983870, 1, 'http://img10.360buyimg.com/n1/s450x450_jfs/t1/12096/3/9704/238787/5c8083d5E26311ba6/1a3ea555d8ca7e8b.jpg', NULL),
(95, 17, 23, '荣耀畅玩8C两天一充 莱茵护眼 刘海屏 全网通版4GB+32GB 幻夜黑 移动联通电信4G全面屏手机 双卡双待', '899.00', '【填充短描述】荣耀畅玩8C两天一充 莱茵护眼 刘海屏 全网通版4GB+32GB 幻夜黑 移动联通电信4G全面屏手机 双卡双待', '【填充长描述】荣耀畅玩8C两天一充 莱茵护眼 刘海屏 全网通版4GB+32GB 幻夜黑 移动联通电信4G全面屏手机 双卡双待', 1559983877, 1, 'http://img12.360buyimg.com/n1/s450x450_jfs/t1/36834/27/11785/219364/5cfa84cdE5b611e05/bc52c02a786034b9.jpg', NULL),
(96, 6, 23, '华为 HUAWEI 畅享 9S 6GB+64GB 极光蓝 全网通 2400万超广角三摄珍珠屏大存储 移动联通电信4G手机 双卡双待', '1399.00', '【填充短描述】华为 HUAWEI 畅享 9S 6GB+64GB 极光蓝 全网通 2400万超广角三摄珍珠屏大存储 移动联通电信4G手机 双卡双待', '【填充长描述】华为 HUAWEI 畅享 9S 6GB+64GB 极光蓝 全网通 2400万超广角三摄珍珠屏大存储 移动联通电信4G手机 双卡双待', 1559983883, 1, 'http://img14.360buyimg.com/n1/s450x450_jfs/t1/31642/40/12219/181658/5cb6d0faE26041b4a/f4a0e10a2427b4b1.jpg', NULL),
(97, 6, 23, '【千玺代言】华为新品 HUAWEI nova 4 极点全面屏手机 4800万超广角三摄 8GB+128GB 亮黑色 全网通双卡双待', '2799.00', '【填充短描述】【千玺代言】华为新品 HUAWEI nova 4 极点全面屏手机 4800万超广角三摄 8GB+128GB 亮黑色 全网通双卡双待', '【填充长描述】【千玺代言】华为新品 HUAWEI nova 4 极点全面屏手机 4800万超广角三摄 8GB+128GB 亮黑色 全网通双卡双待', 1559983892, 1, 'http://img11.360buyimg.com/n1/s450x450_jfs/t1/27659/3/1138/118885/5c0f8c5dE56e8df2b/028857f503e52df0.jpg', NULL),
(98, 17, 23, '荣耀V20 胡歌同款 麒麟980芯片 魅眼全视屏 4800万深感相机 6GB+128GB 幻影蓝 移动联通电信4G全面屏手机', '2399.00', '【填充短描述】荣耀V20 胡歌同款 麒麟980芯片 魅眼全视屏 4800万深感相机 6GB+128GB 幻影蓝 移动联通电信4G全面屏手机', '【填充长描述】荣耀V20 胡歌同款 麒麟980芯片 魅眼全视屏 4800万深感相机 6GB+128GB 幻影蓝 移动联通电信4G全面屏手机', 1559983898, 1, 'http://img13.360buyimg.com/n1/s450x450_jfs/t1/62885/23/1328/320008/5cfa80c5E2149a8c7/5a3ad8e5dac7041e.jpg', NULL),
(99, 6, 23, '华为 HUAWEI P20 AI智慧徕卡双摄全面屏游戏手机 6GB+64GB 极光色 全网通移动联通电信4G手机 双卡双待', '2588.00', '【填充短描述】华为 HUAWEI P20 AI智慧徕卡双摄全面屏游戏手机 6GB+64GB 极光色 全网通移动联通电信4G手机 双卡双待', '【填充长描述】华为 HUAWEI P20 AI智慧徕卡双摄全面屏游戏手机 6GB+64GB 极光色 全网通移动联通电信4G手机 双卡双待', 1559983910, 1, 'http://img14.360buyimg.com/n1/s450x450_jfs/t18052/318/2334327001/256076/23da5f45/5af13917Naca6cb3d.jpg', NULL),
(100, 6, 23, '华为 HUAWEI P30 Pro 超感光徕卡四摄10倍混合变焦麒麟980芯片屏内指纹 8GB+128GB珠光贝母全网通版双4G手机', '5488.00', '【填充短描述】华为 HUAWEI P30 Pro 超感光徕卡四摄10倍混合变焦麒麟980芯片屏内指纹 8GB+128GB珠光贝母全网通版双4G手机', '【填充长描述】华为 HUAWEI P30 Pro 超感光徕卡四摄10倍混合变焦麒麟980芯片屏内指纹 8GB+128GB珠光贝母全网通版双4G手机', 1559983915, 1, 'http://img14.360buyimg.com/n1/s450x450_jfs/t1/27385/12/12617/203546/5c98ca37Eff3ca839/b32de2a2d04984c7.jpg', NULL),
(101, 17, 23, '荣耀10青春版 幻彩渐变 2400万AI自拍 全网通版4GB+64GB 渐变蓝 移动联通电信4G全面屏手机 双卡双待', '1099.00', '【填充短描述】荣耀10青春版 幻彩渐变 2400万AI自拍 全网通版4GB+64GB 渐变蓝 移动联通电信4G全面屏手机 双卡双待', '【填充长描述】荣耀10青春版 幻彩渐变 2400万AI自拍 全网通版4GB+64GB 渐变蓝 移动联通电信4G全面屏手机 双卡双待', 1559983922, 1, 'http://img14.360buyimg.com/n1/s450x450_jfs/t1/61312/27/1376/248852/5cfa828aE6f5bd0e2/22e4d2c52cb596e3.jpg', NULL),
(102, 6, 23, '华为 HUAWEI 麦芒 8 超广角AI三摄 高清珍珠屏 大存储  6GB+128GB 幻夜黑 全网通双4G手机', '1999.00', '【填充短描述】华为 HUAWEI 麦芒 8 超广角AI三摄 高清珍珠屏 大存储  6GB+128GB 幻夜黑 全网通双4G手机', '【填充长描述】华为 HUAWEI 麦芒 8 超广角AI三摄 高清珍珠屏 大存储  6GB+128GB 幻夜黑 全网通双4G手机', 1559983927, 1, 'http://img14.360buyimg.com/n1/jfs/t1/41065/9/5364/252918/5cee30b8E22c3ea99/5d652e51051b7bdf.jpg', NULL),
(103, 17, 23, '荣耀8X 千元屏霸 91%屏占比 2000万AI双摄 4GB+64GB 幻影蓝 移动联通电信4G全面屏手机 双卡双待', '1199.00', '【填充短描述】荣耀8X 千元屏霸 91%屏占比 2000万AI双摄 4GB+64GB 幻影蓝 移动联通电信4G全面屏手机 双卡双待', '【填充长描述】荣耀8X 千元屏霸 91%屏占比 2000万AI双摄 4GB+64GB 幻影蓝 移动联通电信4G全面屏手机 双卡双待', 1559983932, 1, 'http://img13.360buyimg.com/n1/s450x450_jfs/t1/75369/37/1373/343594/5cfa8616E88d395f9/e2262dd38664f225.jpg', NULL),
(104, 17, 23, '荣耀20 4800万超广角AI四摄 3200W美颜自拍 麒麟Kirin980全网通版8GB+128GB 幻影蓝 移动联通电信4G全面屏', '2699.00', '【填充短描述】荣耀20 4800万超广角AI四摄 3200W美颜自拍 麒麟Kirin980全网通版8GB+128GB 幻影蓝 移动联通电信4G全面屏', '【填充长描述】荣耀20 4800万超广角AI四摄 3200W美颜自拍 麒麟Kirin980全网通版8GB+128GB 幻影蓝 移动联通电信4G全面屏', 1559983938, 1, 'http://img10.360buyimg.com/n1/s450x450_jfs/t1/34252/29/11725/311111/5cfa7f3aE7d58a154/5673b3c6abd56a15.jpg', NULL),
(105, 11, 24, '魅族 Note9 全面屏游戏拍照手机 6GB+64GB 幻黑 全网通移动联通电信4G手机 双卡双待', '1299.00', '【填充短描述】魅族 Note9 全面屏游戏拍照手机 6GB+64GB 幻黑 全网通移动联通电信4G手机 双卡双待', '【填充长描述】魅族 Note9 全面屏游戏拍照手机 6GB+64GB 幻黑 全网通移动联通电信4G手机 双卡双待', 1559984058, 1, 'http://img11.360buyimg.com/n1/s450x450_jfs/t1/22321/5/10354/185219/5c862120Eef7337bd/95a9eec8aca0bef6.jpg', NULL),
(106, 11, 24, '魅族 V8 全面屏手机 4GB+64GB 雅金 全网通移动联通电信4G手机 双卡双待', '749.00', '【填充短描述】魅族 V8 全面屏手机 4GB+64GB 雅金 全网通移动联通电信4G手机 双卡双待', '【填充长描述】魅族 V8 全面屏手机 4GB+64GB 雅金 全网通移动联通电信4G手机 双卡双待', 1559984068, 1, 'http://img12.360buyimg.com/n1/s450x450_jfs/t1/436/7/7003/382139/5ba367b8E4739a9b2/fb8e210ebcf1f6d2.jpg', NULL),
(107, 11, 24, '魅族 X8 准旗舰游戏拍照手机 4GB+64GB 亮黑 全网通移动联通电信4G手机 双卡双待', '1198.00', '【填充短描述】魅族 X8 准旗舰游戏拍照手机 4GB+64GB 亮黑 全网通移动联通电信4G手机 双卡双待', '【填充长描述】魅族 X8 准旗舰游戏拍照手机 4GB+64GB 亮黑 全网通移动联通电信4G手机 双卡双待', 1559984073, 1, 'http://img11.360buyimg.com/n1/s450x450_jfs/t27679/48/1385172122/89585/1e948fb9/5bc82dacN609d9294.jpg', NULL),
(108, 11, 24, '魅族 16th 全面屏游戏手机 6GB+64GB 静夜黑 全网通移动联通电信4G手机 双卡双待', '2198.00', '【填充短描述】魅族 16th 全面屏游戏手机 6GB+64GB 静夜黑 全网通移动联通电信4G手机 双卡双待', '【填充长描述】魅族 16th 全面屏游戏手机 6GB+64GB 静夜黑 全网通移动联通电信4G手机 双卡双待', 1559984079, 1, 'http://img13.360buyimg.com/n1/s450x450_jfs/t23086/64/1842595555/326783/b2d00c8f/5b6a8f8fN0505a6c1.png', NULL),
(109, 11, 24, '魅族 16s 骁龙855全面屏拍照游戏手机 8GB+128GB 碳纤黑 全网通移动联通电信4G手机 双卡双待', '2999.00', '【填充短描述】魅族 16s 骁龙855全面屏拍照游戏手机 8GB+128GB 碳纤黑 全网通移动联通电信4G手机 双卡双待', '【填充长描述】魅族 16s 骁龙855全面屏拍照游戏手机 8GB+128GB 碳纤黑 全网通移动联通电信4G手机 双卡双待', 1559984084, 1, 'http://img10.360buyimg.com/n1/s450x450_jfs/t1/30765/32/14668/277224/5cbee0bbE6f42bd4b/3036cb94143e16df.jpg', NULL),
(110, 11, 24, '魅族 Note8 全面屏手机 4GB+64GB 曜黑 全网通移动联通电信4G手机 双卡双待', '799.00', '【填充短描述】魅族 Note8 全面屏手机 4GB+64GB 曜黑 全网通移动联通电信4G手机 双卡双待', '【填充长描述】魅族 Note8 全面屏手机 4GB+64GB 曜黑 全网通移动联通电信4G手机 双卡双待', 1559984090, 1, 'http://img12.360buyimg.com/n1/s450x450_jfs/t1/2481/15/12216/274259/5bd1af8bE2de8c15f/c56a6788061f4d46.jpg', NULL),
(111, 11, 24, '魅族 16 X 全面屏游戏手机 6GB+64GB 砚墨黑 全网通移动联通电信4G手机 双卡双待', '1598.00', '【填充短描述】魅族 16 X 全面屏游戏手机 6GB+64GB 砚墨黑 全网通移动联通电信4G手机 双卡双待', '【填充长描述】魅族 16 X 全面屏游戏手机 6GB+64GB 砚墨黑 全网通移动联通电信4G手机 双卡双待', 1559984095, 1, 'http://img10.360buyimg.com/n1/s450x450_jfs/t27451/100/1417160314/232905/6c2284e9/5bc82835N4f37a40e.jpg', NULL),
(112, 11, 24, '魅族（MEIZU） EP2X 入耳式有线运动手机耳机耳麦 三键线控 流线造型 皓月白 适配note8 X8 16th 16p 16x手机', '69.00', '【填充短描述】魅族（MEIZU） EP2X 入耳式有线运动手机耳机耳麦 三键线控 流线造型 皓月白 适配note8 X8 16th 16p 16x手机', '【填充长描述】魅族（MEIZU） EP2X 入耳式有线运动手机耳机耳麦 三键线控 流线造型 皓月白 适配note8 X8 16th 16p 16x手机', 1559984108, 1, 'http://img10.360buyimg.com/n1/s450x450_jfs/t3682/51/1211462903/45308/2e174943/581fef92N5f7b3752.jpg', NULL),
(113, 11, 24, '魅族（MEIZU）LIVE 四单元动铁耳机 HiFi 专业旗舰 入耳式耳机 监听级 高解析 发烧耳塞 绕耳式 可换线', '999.00', '【填充短描述】魅族（MEIZU）LIVE 四单元动铁耳机 HiFi 专业旗舰 入耳式耳机 监听级 高解析 发烧耳塞 绕耳式 可换线', '【填充长描述】魅族（MEIZU）LIVE 四单元动铁耳机 HiFi 专业旗舰 入耳式耳机 监听级 高解析 发烧耳塞 绕耳式 可换线', 1559984121, 1, 'http://img14.360buyimg.com/n1/s450x450_jfs/t17620/97/131001257/87391/48dc7e87/5a5ef8abN8c23d57f.jpg', NULL),
(114, 11, 24, '魅族（MEIZU）魅蓝EP52 蓝牙运动耳机 入耳式 手机耳机 无线运动耳麦 红黑色', '179.00', '【填充短描述】魅族（MEIZU）魅蓝EP52 蓝牙运动耳机 入耳式 手机耳机 无线运动耳麦 红黑色', '【填充长描述】魅族（MEIZU）魅蓝EP52 蓝牙运动耳机 入耳式 手机耳机 无线运动耳麦 红黑色', 1559984126, 1, 'http://img12.360buyimg.com/n1/s450x450_jfs/t7798/53/1434039149/160027/bc1a6e29/599d2997Na89ea268.jpg', NULL),
(115, 11, 24, '魅族（MEIZU） 魅族16th Plus 游戏手机 静夜黑 全网通8GB+128GB', '2528.00', '【填充短描述】魅族（MEIZU） 魅族16th Plus 游戏手机 静夜黑 全网通8GB+128GB', '【填充长描述】魅族（MEIZU） 魅族16th Plus 游戏手机 静夜黑 全网通8GB+128GB', 1559984139, 1, 'http://img10.360buyimg.com/n1/s450x450_jfs/t27772/287/2676732732/377514/18b28ab6/5cd8ca62N12698b06.png', NULL),
(116, 11, 24, '魅族（MEIZU） 魅族M15 手机 曜岩黑 全网通(4G+64G)', '899.00', '【填充短描述】魅族（MEIZU） 魅族M15 手机 曜岩黑 全网通(4G+64G)', '【填充长描述】魅族（MEIZU） 魅族M15 手机 曜岩黑 全网通(4G+64G)', 1559984150, 1, 'http://img11.360buyimg.com/n1/s450x450_jfs/t18907/150/1891972664/185037/8c56e1ff/5add4f19Ne84b80ff.jpg', NULL),
(117, 10, 25, 'vivo iQOO 44W超快闪充 8GB+128GB电光蓝 全面屏拍照手机 骁龙855电竞游戏 全网通4G手机', '2998.00', '【填充短描述】vivo iQOO 44W超快闪充 8GB+128GB电光蓝 全面屏拍照手机 骁龙855电竞游戏 全网通4G手机', '【填充长描述】vivo iQOO 44W超快闪充 8GB+128GB电光蓝 全面屏拍照手机 骁龙855电竞游戏 全网通4G手机', 1559984227, 1, 'http://img12.360buyimg.com/n1/s450x450_jfs/t1/67219/4/1278/152520/5cf8feaaE5242ee7e/81d196905cee86ab.jpg', NULL),
(118, 10, 25, 'vivo Z3 6GB+128GB 梦幻粉 性能实力派 全面屏游戏手机 移动联通电信全网通4G手机', '1598.00', '【填充短描述】vivo Z3 6GB+128GB 梦幻粉 性能实力派 全面屏游戏手机 移动联通电信全网通4G手机', '【填充长描述】vivo Z3 6GB+128GB 梦幻粉 性能实力派 全面屏游戏手机 移动联通电信全网通4G手机', 1559984291, 1, 'http://img12.360buyimg.com/n1/s450x450_jfs/t1/72376/39/1308/115251/5cf8f659E549ab389/6af68fe5741c6626.jpg', NULL),
(119, 10, 25, 'vivo U1 水滴全面屏 AI智慧拍照手机 3GB+32GB 极光色 移动联通电信全网通4G手机', '749.00', '【填充短描述】vivo U1 水滴全面屏 AI智慧拍照手机 3GB+32GB 极光色 移动联通电信全网通4G手机', '【填充长描述】vivo U1 水滴全面屏 AI智慧拍照手机 3GB+32GB 极光色 移动联通电信全网通4G手机', 1559984303, 1, 'http://img10.360buyimg.com/n1/s450x450_jfs/t1/71841/9/1301/108267/5cf8f7dcEf2444160/b0acd48a16237db5.jpg', NULL),
(120, 10, 25, 'vivo Z3 4GB+128GB 极光蓝 性能实力派 全面屏游戏手机 移动联通电信全网通4G手机', '1198.00', '【填充短描述】vivo Z3 4GB+128GB 极光蓝 性能实力派 全面屏游戏手机 移动联通电信全网通4G手机', '【填充长描述】vivo Z3 4GB+128GB 极光蓝 性能实力派 全面屏游戏手机 移动联通电信全网通4G手机', 1559984310, 1, 'http://img11.360buyimg.com/n1/s450x450_jfs/t1/74680/5/1331/121473/5cf8f6b5Eedb0cab1/9e0b23963affcac4.jpg', NULL),
(121, 10, 25, 'vivo X27Pro 8GB+256GB大内存 黑珍珠 4800万AI三摄全面屏拍照手机 移动联通电信全网通4G手机', '3998.00', '【填充短描述】vivo X27Pro 8GB+256GB大内存 黑珍珠 4800万AI三摄全面屏拍照手机 移动联通电信全网通4G手机', '【填充长描述】vivo X27Pro 8GB+256GB大内存 黑珍珠 4800万AI三摄全面屏拍照手机 移动联通电信全网通4G手机', 1559984316, 1, 'http://img13.360buyimg.com/n1/s450x450_jfs/t1/11399/24/15514/162895/5caaa600E914adbf6/a7ccdc94f46460ed.jpg', NULL),
(122, 10, 25, 'vivo S1 6GB+128GB 冰湖蓝 2480万AI高清自拍 超广角后置三摄拍照手机  移动联通电信全网通4G手机', '1998.00', '【填充短描述】vivo S1 6GB+128GB 冰湖蓝 2480万AI高清自拍 超广角后置三摄拍照手机  移动联通电信全网通4G手机', '【填充长描述】vivo S1 6GB+128GB 冰湖蓝 2480万AI高清自拍 超广角后置三摄拍照手机  移动联通电信全网通4G手机', 1559984321, 1, 'http://img11.360buyimg.com/n1/s450x450_jfs/t1/79816/8/1332/338039/5cf8ff0dEc25f4765/bc66d0c0601eb763.jpg', NULL),
(123, 10, 25, 'vivo iQOO Monster 12GB+256GB 电光蓝 全面屏拍照手机 骁龙855电竞游戏 全网通4G手机', '3998.00', '【填充短描述】vivo iQOO Monster 12GB+256GB 电光蓝 全面屏拍照手机 骁龙855电竞游戏 全网通4G手机', '【填充长描述】vivo iQOO Monster 12GB+256GB 电光蓝 全面屏拍照手机 骁龙855电竞游戏 全网通4G手机', 1559984327, 1, 'http://img13.360buyimg.com/n1/s450x450_jfs/t1/39192/40/8440/152833/5cf8fedcEcb3c55d7/41fd2d598357e4d5.jpg', NULL),
(124, 10, 25, 'vivo X27 8GB+128GB大内存 粉黛金 零界全面屏AI三摄 移动联通电信全网通4G手机', '2998.00', '【填充短描述】vivo X27 8GB+128GB大内存 粉黛金 零界全面屏AI三摄 移动联通电信全网通4G手机', '【填充长描述】vivo X27 8GB+128GB大内存 粉黛金 零界全面屏AI三摄 移动联通电信全网通4G手机', 1559984333, 1, 'http://img13.360buyimg.com/n1/s450x450_jfs/t1/20394/19/12226/245849/5c983523Ede1814cb/bfa32998fd190d2a.jpg', NULL),
(125, 10, 25, 'vivo iQOO 44W超快闪充 8GB+128GB熔岩橙 全面屏拍照手机 骁龙855电竞游戏 全网通4G手机', '2998.00', '【填充短描述】vivo iQOO 44W超快闪充 8GB+128GB熔岩橙 全面屏拍照手机 骁龙855电竞游戏 全网通4G手机', '【填充长描述】vivo iQOO 44W超快闪充 8GB+128GB熔岩橙 全面屏拍照手机 骁龙855电竞游戏 全网通4G手机', 1559984338, 1, 'http://img12.360buyimg.com/n1/s450x450_jfs/t1/41814/30/6122/152445/5cf8fe94E8e450a2b/62d331e90cb132a4.jpg', NULL),
(126, 10, 25, 'vivo Z5x 6GB+128GB 极夜黑 极点屏手机  5000mAh大电池 三摄拍照手机 移动联通电信全网通4G手机', '1698.00', '【填充短描述】vivo Z5x 6GB+128GB 极夜黑 极点屏手机  5000mAh大电池 三摄拍照手机 移动联通电信全网通4G手机', '【填充长描述】vivo Z5x 6GB+128GB 极夜黑 极点屏手机  5000mAh大电池 三摄拍照手机 移动联通电信全网通4G手机', 1559984343, 1, 'http://img10.360buyimg.com/n1/s450x450_jfs/t1/78086/12/1355/138896/5cf9035dEacd0e9f2/0de72c5a3f39adf8.jpg', NULL),
(127, 10, 25, 'vivo iQOO 12GB+128GB 武士黑 全面屏拍照手机 骁龙855电竞游戏 全网通4G手机', '3498.00', '【填充短描述】vivo iQOO 12GB+128GB 武士黑 全面屏拍照手机 骁龙855电竞游戏 全网通4G手机', '【填充长描述】vivo iQOO 12GB+128GB 武士黑 全面屏拍照手机 骁龙855电竞游戏 全网通4G手机', 1559984349, 1, 'http://img14.360buyimg.com/n1/s450x450_jfs/t1/64073/38/1408/157120/5cf9073eE7172c253/51738224e86f52aa.jpg', NULL),
(128, 10, 25, 'vivo Z5x【下单减100】极点全面屏 骁龙710 广角AI三摄 5000mAh大电量手机 极夜黑 6GB 64GB', '1498.00', '【填充短描述】vivo Z5x【下单减100】极点全面屏 骁龙710 广角AI三摄 5000mAh大电量手机 极夜黑 6GB 64GB', '【填充长描述】vivo Z5x【下单减100】极点全面屏 骁龙710 广角AI三摄 5000mAh大电量手机 极夜黑 6GB 64GB', 1559984355, 1, 'http://img14.360buyimg.com/n1/s450x450_jfs/t30403/74/1199275784/87116/c44b6623/5ce358ceNc6e25322.jpg', NULL),
(129, 10, 25, 'vivo iQOO 8GB+128GB 武士黑 全面屏拍照手机 骁龙855电竞游戏 全网通4G手机', '2998.00', '【填充短描述】vivo iQOO 8GB+128GB 武士黑 全面屏拍照手机 骁龙855电竞游戏 全网通4G手机', '【填充长描述】vivo iQOO 8GB+128GB 武士黑 全面屏拍照手机 骁龙855电竞游戏 全网通4G手机', 1559984361, 1, 'http://img11.360buyimg.com/n1/s450x450_jfs/t1/38769/11/2224/318485/5cbfcfaaEfe8197e5/f67f128aef875b28.jpg', NULL),
(130, 5, 26, 'OPPO Reno手机 【自营仓+6期免息+购机豪礼】 拍照手机 游戏手机 双卡双待 全网通 雾海绿（8G+256G） 标准套餐', '3299.00', '【填充短描述】OPPO Reno手机 【自营仓+6期免息+购机豪礼】 拍照手机 游戏手机 双卡双待 全网通 雾海绿（8G+256G） 标准套餐', '【填充长描述】OPPO Reno手机 【自营仓+6期免息+购机豪礼】 拍照手机 游戏手机 双卡双待 全网通 雾海绿（8G+256G） 标准套餐', 1559984619, 1, 'http://img13.360buyimg.com/n1/s450x450_jfs/t1/38637/25/50/95681/5cb83ceeEc5c41a51/b864351ff73c4d8a.jpg', NULL),
(131, 5, 26, 'OPPO R15x 光感屏幕指纹手机  6G+128G 星云渐变 全网通 移动联通电信4G 双卡双待手机', '1699.00', '【填充短描述】OPPO R15x 光感屏幕指纹手机  6G+128G 星云渐变 全网通 移动联通电信4G 双卡双待手机', '【填充长描述】OPPO R15x 光感屏幕指纹手机  6G+128G 星云渐变 全网通 移动联通电信4G 双卡双待手机', 1559984630, 1, 'http://img11.360buyimg.com/n1/s450x450_jfs/t1/1716/28/10871/237533/5bcd3ae8Ee53dfa49/1a0c1a7233c72f92.jpg', NULL),
(132, 5, 26, 'OPPO A5 全面屏拍照手机 3GB+64GB 幻镜蓝 全网通 移动联通电信4G 双卡双待手机', '899.00', '【填充短描述】OPPO A5 全面屏拍照手机 3GB+64GB 幻镜蓝 全网通 移动联通电信4G 双卡双待手机', '【填充长描述】OPPO A5 全面屏拍照手机 3GB+64GB 幻镜蓝 全网通 移动联通电信4G 双卡双待手机', 1559984638, 1, 'http://img14.360buyimg.com/n1/s450x450_jfs/t26086/100/1165873052/97669/1f0e1800/5b8ca749Na5b8092a.jpg', NULL),
(133, 5, 26, 'OPPO A9 全面屏手机 【分期免息+购机豪礼】 6G+128G 双卡双待 全网通 云母绿（4G+128G） 标准套餐', '1399.00', '【填充短描述】OPPO A9 全面屏手机 【分期免息+购机豪礼】 6G+128G 双卡双待 全网通 云母绿（4G+128G） 标准套餐', '【填充长描述】OPPO A9 全面屏手机 【分期免息+购机豪礼】 6G+128G 双卡双待 全网通 云母绿（4G+128G） 标准套餐', 1559984643, 1, 'http://img12.360buyimg.com/n1/s450x450_jfs/t1/40306/7/6717/99994/5cd4273aEa41c76a5/a2faa049f69201ff.jpg', NULL),
(134, 5, 26, 'OPPO A9 全面屏拍照手机 6GB+128GB 萤石紫 全网通 移动联通电信4G 双卡双待手机', '1699.00', '【填充短描述】OPPO A9 全面屏拍照手机 6GB+128GB 萤石紫 全网通 移动联通电信4G 双卡双待手机', '【填充长描述】OPPO A9 全面屏拍照手机 6GB+128GB 萤石紫 全网通 移动联通电信4G 双卡双待手机', 1559984650, 1, 'http://img12.360buyimg.com/n1/s450x450_jfs/t1/39912/12/2405/177041/5cc03eaaE0a20a35e/36d40c1312f2f7b4.jpg', NULL),
(135, 5, 26, 'OPPO Reno 4800万超清像素 NFC 超清夜景 6GB+256GB 珊瑚橙 全网通 双卡双待手机 全面屏拍照游戏智能手机', '2999.00', '【填充短描述】OPPO Reno 4800万超清像素 NFC 超清夜景 6GB+256GB 珊瑚橙 全网通 双卡双待手机 全面屏拍照游戏智能手机', '【填充长描述】OPPO Reno 4800万超清像素 NFC 超清夜景 6GB+256GB 珊瑚橙 全网通 双卡双待手机 全面屏拍照游戏智能手机', 1559984657, 1, 'http://img10.360buyimg.com/n1/s450x450_jfs/t1/40767/17/6028/150124/5cfa6f23E066a399c/6f81a8a3ac22c8b3.jpg', NULL),
(136, 5, 26, '【6.6日现货抢购！】OPPO Reno Z全面屏游戏拍照手机 全网通手机 星辰紫 全网通(8G RAM+128G ROM)', '2499.00', '【填充短描述】【6.6日现货抢购！】OPPO Reno Z全面屏游戏拍照手机 全网通手机 星辰紫 全网通(8G RAM+128G ROM)', '【填充长描述】【6.6日现货抢购！】OPPO Reno Z全面屏游戏拍照手机 全网通手机 星辰紫 全网通(8G RAM+128G ROM)', 1559984664, 1, 'http://img12.360buyimg.com/n1/s450x450_jfs/t1/48372/3/1713/92825/5cf7a6a8Eff393194/c58069c5b4b31f8b.jpg', NULL),
(137, 5, 26, 'OPPO K1 光感屏幕指纹 水滴屏拍照手机 4GB+64GB 梵星蓝 全网通 移动联通电信4GB 双卡双待手机', '1199.00', '【填充短描述】OPPO K1 光感屏幕指纹 水滴屏拍照手机 4GB+64GB 梵星蓝 全网通 移动联通电信4GB 双卡双待手机', '【填充长描述】OPPO K1 光感屏幕指纹 水滴屏拍照手机 4GB+64GB 梵星蓝 全网通 移动联通电信4GB 双卡双待手机', 1559984669, 1, 'http://img10.360buyimg.com/n1/s450x450_jfs/t1/42605/19/6072/124173/5cfa6d94E22350525/4a81ed35af0ea6d0.jpg', NULL),
(138, 5, 26, 'OPPO A9x 4800万像素 VOOC闪充 6GB+128GB 曜石黑 全网通4G 全面屏拍照游戏智能手机', '1999.00', '【填充短描述】OPPO A9x 4800万像素 VOOC闪充 6GB+128GB 曜石黑 全网通4G 全面屏拍照游戏智能手机', '【填充长描述】OPPO A9x 4800万像素 VOOC闪充 6GB+128GB 曜石黑 全网通4G 全面屏拍照游戏智能手机', 1559984675, 1, 'http://img13.360buyimg.com/n1/s450x450_jfs/t10753/133/2938096226/161040/5b30efe2/5cdd26c6N6c4e0f69.jpg', NULL),
(139, 5, 26, '【现货抢购！】OPPO K3 千元高通骁龙710 升降摄像头 屏下指纹全面屏手机 秘境黑 全网通(8G RAM+128G ROM)', '1899.00', '【填充短描述】【现货抢购！】OPPO K3 千元高通骁龙710 升降摄像头 屏下指纹全面屏手机 秘境黑 全网通(8G RAM+128G ROM)', '【填充长描述】【现货抢购！】OPPO K3 千元高通骁龙710 升降摄像头 屏下指纹全面屏手机 秘境黑 全网通(8G RAM+128G ROM)', 1559984681, 1, 'http://img11.360buyimg.com/n1/s450x450_jfs/t1/76497/25/702/69599/5ceea034E19198c65/a883bd881602cbc1.jpg', NULL),
(140, 5, 26, 'OPPO R17 2500万美颜拍照 6.4英寸水滴屏 光感屏幕指纹 6GB+128GB 流光蓝 全网通 双卡双待手机', '1999.00', '【填充短描述】OPPO R17 2500万美颜拍照 6.4英寸水滴屏 光感屏幕指纹 6GB+128GB 流光蓝 全网通 双卡双待手机', '【填充长描述】OPPO R17 2500万美颜拍照 6.4英寸水滴屏 光感屏幕指纹 6GB+128GB 流光蓝 全网通 双卡双待手机', 1559984687, 1, 'http://img11.360buyimg.com/n1/s450x450_jfs/t1/79608/16/1382/102455/5cfa703eEf20c1c58/94571ee8ea62b032.jpg', NULL),
(141, 12, 27, 'Apple iPhone 6s Plus (A1699) 128G 玫瑰金色 移动联通电信4G手机', '2999.00', '【填充短描述】Apple iPhone 6s Plus (A1699) 128G 玫瑰金色 移动联通电信4G手机', '【填充长描述】Apple iPhone 6s Plus (A1699) 128G 玫瑰金色 移动联通电信4G手机', 1559984832, 1, 'http://img12.360buyimg.com/n1/s450x450_jfs/t1/25197/10/15604/225954/5cb14df5Ee7253219/a3fe2eccd3a90a71.jpg', NULL),
(142, 12, 27, 'Apple iPad Pro 12.9英寸平板电脑 2018年新款（256G WLAN版/全面屏/A12X芯片/Face ID MTFL2CH/A）深空灰色', '8099.00', '【填充短描述】Apple iPad Pro 12.9英寸平板电脑 2018年新款（256G WLAN版/全面屏/A12X芯片/Face ID MTFL2CH/A）深空灰色', '【填充长描述】Apple iPad Pro 12.9英寸平板电脑 2018年新款（256G WLAN版/全面屏/A12X芯片/Face ID MTFL2CH/A）深空灰色', 1559984841, 1, 'http://img12.360buyimg.com/n1/s450x450_jfs/t1/48545/10/1763/176890/5cf8cac3E924e08d6/d8fd12df90361f8e.jpg', NULL),
(143, 12, 27, 'Apple iPad Air 3 2019年新款平板电脑 10.5英寸（64G WLAN版/A12芯片/Retina显示屏/MUUK2CH/A）银色', '3388.00', '【填充短描述】Apple iPad Air 3 2019年新款平板电脑 10.5英寸（64G WLAN版/A12芯片/Retina显示屏/MUUK2CH/A）银色', '【填充长描述】Apple iPad Air 3 2019年新款平板电脑 10.5英寸（64G WLAN版/A12芯片/Retina显示屏/MUUK2CH/A）银色', 1559984848, 1, 'http://img12.360buyimg.com/n1/s450x450_jfs/t1/48374/20/1761/174766/5cf8cc5bEda544fce/a717532fd129dd23.jpg', NULL),
(144, 12, 27, 'Apple iPad Pro 11英寸平板电脑 2018年款(256G WLAN版/全面屏/A12X/FaceID MTXQ2CH/A)深空灰色', '6699.00', '【填充短描述】Apple iPad Pro 11英寸平板电脑 2018年款(256G WLAN版/全面屏/A12X/FaceID MTXQ2CH/A)深空灰色', '【填充长描述】Apple iPad Pro 11英寸平板电脑 2018年款(256G WLAN版/全面屏/A12X/FaceID MTXQ2CH/A)深空灰色', 1559984853, 1, 'http://img10.360buyimg.com/n1/s450x450_jfs/t1/75959/31/1370/183823/5cf8ca42E0bb8726c/7931557cf55eb279.jpg', NULL),
(145, 12, 27, 'Apple iPad mini 5 2019年新款平板电脑 7.9英寸（64G WLAN版/A12芯片/MUQW2CH/A）深空灰色', '2588.00', '【填充短描述】Apple iPad mini 5 2019年新款平板电脑 7.9英寸（64G WLAN版/A12芯片/MUQW2CH/A）深空灰色', '【填充长描述】Apple iPad mini 5 2019年新款平板电脑 7.9英寸（64G WLAN版/A12芯片/MUQW2CH/A）深空灰色', 1559984863, 1, 'http://img14.360buyimg.com/n1/s450x450_jfs/t1/71192/38/1281/225775/5cf8cb99E5425b1ce/5da9240c33f9c3a1.jpg', NULL),
(146, 12, 27, 'Apple iPhone 8 (A1863) 64GB 深空灰色 移动联通电信4G手机', '3799.00', '【填充短描述】Apple iPhone 8 (A1863) 64GB 深空灰色 移动联通电信4G手机', '【填充长描述】Apple iPhone 8 (A1863) 64GB 深空灰色 移动联通电信4G手机', 1559984870, 1, 'http://img12.360buyimg.com/n1/s450x450_jfs/t7582/66/3048380492/71753/acde79b5/59b85824N836bb714.jpg', NULL),
(147, 12, 27, 'Apple iPhone X (A1865) 64GB 深空灰色 移动联通电信4G手机', '6049.00', '【填充短描述】Apple iPhone X (A1865) 64GB 深空灰色 移动联通电信4G手机', '【填充长描述】Apple iPhone X (A1865) 64GB 深空灰色 移动联通电信4G手机', 1559984876, 1, 'http://img13.360buyimg.com/n1/s450x450_jfs/t10675/253/1344769770/66891/92d54ca4/59df2e7fN86c99a27.jpg', NULL),
(148, 12, 27, 'Apple iPhone 8 Plus (A1864) 64GB 深空灰色 移动联通电信4G手机', '4699.00', '【填充短描述】Apple iPhone 8 Plus (A1864) 64GB 深空灰色 移动联通电信4G手机', '【填充长描述】Apple iPhone 8 Plus (A1864) 64GB 深空灰色 移动联通电信4G手机', 1559984886, 1, 'http://img10.360buyimg.com/n1/s450x450_jfs/t8107/37/1359438185/72159/a6129e26/59b857f8N977f476c.jpg', NULL),
(149, 12, 27, 'Apple iPhone 7 (A1660) 128G 黑色 移动联通电信4G手机', '2849.00', '【填充短描述】Apple iPhone 7 (A1660) 128G 黑色 移动联通电信4G手机', '【填充长描述】Apple iPhone 7 (A1660) 128G 黑色 移动联通电信4G手机', 1559984893, 1, 'http://img12.360buyimg.com/n1/s450x450_jfs/t1/24238/8/12493/163807/5c9996dfE466d616a/ab22cb8d8464e096.jpg', NULL),
(150, 12, 27, 'Apple iPad 平板电脑 2018年新款9.7英寸（128G WLAN版/A10 芯片/Touch ID MRJP2CH/A）金色', '2788.00', '【填充短描述】Apple iPad 平板电脑 2018年新款9.7英寸（128G WLAN版/A10 芯片/Touch ID MRJP2CH/A）金色', '【填充长描述】Apple iPad 平板电脑 2018年新款9.7英寸（128G WLAN版/A10 芯片/Touch ID MRJP2CH/A）金色', 1559984899, 1, 'http://img13.360buyimg.com/n1/s450x450_jfs/t1/58952/32/1751/183950/5cf8c87eE9552dbbd/8cde8d389b932ca8.jpg', NULL),
(151, 12, 27, 'Apple iPhone XS Max (A2104) 256GB 深空灰色 移动联通电信4G手机 双卡双待', '8749.00', '【填充短描述】Apple iPhone XS Max (A2104) 256GB 深空灰色 移动联通电信4G手机 双卡双待', '【填充长描述】Apple iPhone XS Max (A2104) 256GB 深空灰色 移动联通电信4G手机 双卡双待', 1559984904, 1, 'http://img13.360buyimg.com/n1/s450x450_jfs/t1/58427/21/673/318760/5cee26f3E8f0a6faa/78623b254a2b7121.jpg', NULL),
(152, 12, 27, 'Apple iPhone XR (A2108) 128GB 蓝色 移动联通电信4G手机 双卡双待', '5699.00', '【填充短描述】Apple iPhone XR (A2108) 128GB 蓝色 移动联通电信4G手机 双卡双待', '【填充长描述】Apple iPhone XR (A2108) 128GB 蓝色 移动联通电信4G手机 双卡双待', 1559984909, 1, 'http://img11.360buyimg.com/n1/s450x450_jfs/t1/2267/5/3518/83121/5b997bf1E6409d7b2/378263542aab44a0.jpg', NULL),
(153, 13, 28, '三星 Galaxy S10 8GB+512GB炭晶黑（SM-G9730）3D超声波屏下指纹超感官全视屏双卡双待全网通4G游戏手机', '6999.00', '【填充短描述】三星 Galaxy S10 8GB+512GB炭晶黑（SM-G9730）3D超声波屏下指纹超感官全视屏双卡双待全网通4G游戏手机', '【填充长描述】三星 Galaxy S10 8GB+512GB炭晶黑（SM-G9730）3D超声波屏下指纹超感官全视屏双卡双待全网通4G游戏手机', 1559985328, 1, 'http://img14.360buyimg.com/n1/s450x450_jfs/t1/10316/38/11782/189352/5c74b1beEd26f779a/647d9d1f8b374682.jpg', NULL),
(154, 13, 28, '三星 Galaxy A9s (SM-A9200)全面屏手机 后置四摄 Bixby 6GB+128GB 鱼子黑 全网通4G 双卡双待', '2299.00', '【填充短描述】三星 Galaxy A9s (SM-A9200)全面屏手机 后置四摄 Bixby 6GB+128GB 鱼子黑 全网通4G 双卡双待', '【填充长描述】三星 Galaxy A9s (SM-A9200)全面屏手机 后置四摄 Bixby 6GB+128GB 鱼子黑 全网通4G 双卡双待', 1559985335, 1, 'http://img11.360buyimg.com/n1/s450x450_jfs/t1/30434/1/12126/290527/5cb6d6cbE4b4bc578/7a3c99ac63859bbd.jpg', NULL),
(155, 13, 28, '【独角精灵版】三星 Galaxy A8s 6GB+128GB莓什么（SM-G8870）黑瞳全视屏手机 骁龙710芯片全网通4G 双卡双待', '2299.00', '【填充短描述】【独角精灵版】三星 Galaxy A8s 6GB+128GB莓什么（SM-G8870）黑瞳全视屏手机 骁龙710芯片全网通4G 双卡双待', '【填充长描述】【独角精灵版】三星 Galaxy A8s 6GB+128GB莓什么（SM-G8870）黑瞳全视屏手机 骁龙710芯片全网通4G 双卡双待', 1559985341, 1, 'http://img12.360buyimg.com/n1/s450x450_jfs/t1/12201/24/6735/222034/5c60e01aEf9147784/8773086c82c1f708.jpg', NULL),
(156, 13, 28, '三星 Galaxy S10 8GB+128GB琉璃绿（SM-G9730）3D超声波屏下指纹超感官全视屏骁龙855双卡双待全网通4G手机', '5999.00', '【填充短描述】三星 Galaxy S10 8GB+128GB琉璃绿（SM-G9730）3D超声波屏下指纹超感官全视屏骁龙855双卡双待全网通4G手机', '【填充长描述】三星 Galaxy S10 8GB+128GB琉璃绿（SM-G9730）3D超声波屏下指纹超感官全视屏骁龙855双卡双待全网通4G手机', 1559985347, 1, 'http://img14.360buyimg.com/n1/s450x450_jfs/t1/25195/38/8303/214452/5c74b0fdE6988f08a/28427e48e5445f77.jpg', NULL),
(157, 13, 28, '三星 Galaxy S9  4GB+128GB 冰蓝 （SM-G9600/DS）智能可变光圈凝时拍摄  全视曲面屏全网通4G 双卡双待', '3289.00', '【填充短描述】三星 Galaxy S9  4GB+128GB 冰蓝 （SM-G9600/DS）智能可变光圈凝时拍摄  全视曲面屏全网通4G 双卡双待', '【填充长描述】三星 Galaxy S9  4GB+128GB 冰蓝 （SM-G9600/DS）智能可变光圈凝时拍摄  全视曲面屏全网通4G 双卡双待', 1559985352, 1, 'http://img13.360buyimg.com/n1/s450x450_jfs/t29221/109/440191235/139741/efac92bb/5bf3e82aNf66ef968.jpg', NULL),
(158, 13, 28, '三星 Galaxy A40s 123°超广角后置三摄5000mAh大容量电池续航手机 6GB+64GB 魅夜黑 全网通4G 双卡双待', '1499.00', '【填充短描述】三星 Galaxy A40s 123°超广角后置三摄5000mAh大容量电池续航手机 6GB+64GB 魅夜黑 全网通4G 双卡双待', '【填充长描述】三星 Galaxy A40s 123°超广角后置三摄5000mAh大容量电池续航手机 6GB+64GB 魅夜黑 全网通4G 双卡双待', 1559985358, 1, 'http://img11.360buyimg.com/n1/s450x450_jfs/t1/38298/34/2268/111709/5cbfe941E66ce7a2b/a53a7073b668cf50.jpg', NULL),
(159, 13, 28, '三星 Galaxy S10+ 8GB+128GB炭晶黑（SM-G9750）3D超声波屏下指纹超感官全视屏骁龙855双卡双待全网通4G手机', '6999.00', '【填充短描述】三星 Galaxy S10+ 8GB+128GB炭晶黑（SM-G9750）3D超声波屏下指纹超感官全视屏骁龙855双卡双待全网通4G手机', '【填充长描述】三星 Galaxy S10+ 8GB+128GB炭晶黑（SM-G9750）3D超声波屏下指纹超感官全视屏骁龙855双卡双待全网通4G手机', 1559985364, 1, 'http://img12.360buyimg.com/n1/s450x450_jfs/t1/18901/8/8364/195905/5c74b243Ea5ec177a/cd5e37c9f7d2c0e3.jpg', NULL),
(160, 13, 28, '三星 Galaxy S10 8GB+128GB炭晶黑（SM-G9730）3D超声波屏下指纹超感官全视屏骁龙855双卡双待全网通4G手机', '5999.00', '【填充短描述】三星 Galaxy S10 8GB+128GB炭晶黑（SM-G9730）3D超声波屏下指纹超感官全视屏骁龙855双卡双待全网通4G手机', '【填充长描述】三星 Galaxy S10 8GB+128GB炭晶黑（SM-G9730）3D超声波屏下指纹超感官全视屏骁龙855双卡双待全网通4G手机', 1559985372, 1, 'http://img13.360buyimg.com/n1/s450x450_jfs/t1/15957/19/8176/189352/5c74b16fE441603e8/a1bda439038caa12.jpg', NULL),
(161, 13, 28, '三星 Galaxy A60元气版 黑瞳全视屏 3200万超广角拍照手机 骁龙675 6GB+64GB 浅滩蓝 全网通4G 双卡双待', '1499.00', '【填充短描述】三星 Galaxy A60元气版 黑瞳全视屏 3200万超广角拍照手机 骁龙675 6GB+64GB 浅滩蓝 全网通4G 双卡双待', '【填充长描述】三星 Galaxy A60元气版 黑瞳全视屏 3200万超广角拍照手机 骁龙675 6GB+64GB 浅滩蓝 全网通4G 双卡双待', 1559985381, 1, 'http://img14.360buyimg.com/n1/s450x450_jfs/t1/31655/36/12339/90772/5cb6f941E85702320/678f74ac8a81d921.jpg', NULL),
(162, 13, 28, '三星 Galaxy S10+ 8GB+128GB皓玉白（SM-G9750）3D超声波屏下指纹超感官全视屏双卡双待全网通4G游戏手机', '6999.00', '【填充短描述】三星 Galaxy S10+ 8GB+128GB皓玉白（SM-G9750）3D超声波屏下指纹超感官全视屏双卡双待全网通4G游戏手机', '【填充长描述】三星 Galaxy S10+ 8GB+128GB皓玉白（SM-G9750）3D超声波屏下指纹超感官全视屏双卡双待全网通4G游戏手机', 1559985387, 1, 'http://img12.360buyimg.com/n1/s450x450_jfs/t1/10258/31/11947/205232/5c74b21eE06b4a484/7abac18ca0e45f30.jpg', NULL),
(163, 13, 28, '三星 Galaxy A60元气版 黑瞳全视屏 3200万超广角拍照手机 骁龙675 6GB+64GB 丹宁黑 全网通4G 双卡双待', '1499.00', '【填充短描述】三星 Galaxy A60元气版 黑瞳全视屏 3200万超广角拍照手机 骁龙675 6GB+64GB 丹宁黑 全网通4G 双卡双待', '【填充长描述】三星 Galaxy A60元气版 黑瞳全视屏 3200万超广角拍照手机 骁龙675 6GB+64GB 丹宁黑 全网通4G 双卡双待', 1559985393, 1, 'http://img10.360buyimg.com/n1/s450x450_jfs/t1/36052/13/2917/90447/5cb6f8e6Edcf7ccf1/4e744548d22fc5ee.jpg', NULL),
(164, 13, 28, '三星 Galaxy S9 4GB+128GB 谜夜黑（SM-G9600/DS）智能可变光圈凝时拍摄 全视曲面屏  全网通4G 双卡双待', '3289.00', '【填充短描述】三星 Galaxy S9 4GB+128GB 谜夜黑（SM-G9600/DS）智能可变光圈凝时拍摄 全视曲面屏  全网通4G 双卡双待', '【填充长描述】三星 Galaxy S9 4GB+128GB 谜夜黑（SM-G9600/DS）智能可变光圈凝时拍摄 全视曲面屏  全网通4G 双卡双待', 1559985399, 1, 'http://img12.360buyimg.com/n1/s450x450_jfs/t1/18367/7/7136/31320/5c68d751Eafbcb5ae/5d4b255cbb3d9e2d.jpg', NULL),
(165, 13, 28, '三星 Galaxy S8 4GB+64GB 谜夜黑（SM-G9500）全视曲面屏 虹膜识别  全网通4G 双卡双待', '2599.00', '【填充短描述】三星 Galaxy S8 4GB+64GB 谜夜黑（SM-G9500）全视曲面屏 虹膜识别  全网通4G 双卡双待', '【填充长描述】三星 Galaxy S8 4GB+64GB 谜夜黑（SM-G9500）全视曲面屏 虹膜识别  全网通4G 双卡双待', 1559985405, 1, 'http://img14.360buyimg.com/n1/s450x450_jfs/t22399/256/428796627/286211/4107e0de/5b0d4f5cN32701716.jpg', NULL),
(166, 13, 28, '三星 Galaxy S8+  6GB+128GB 谜夜黑（SM-G9550）全视曲面屏 虹膜识别 全网通4G 双卡双待', '3299.00', '【填充短描述】三星 Galaxy S8+  6GB+128GB 谜夜黑（SM-G9550）全视曲面屏 虹膜识别 全网通4G 双卡双待', '【填充长描述】三星 Galaxy S8+  6GB+128GB 谜夜黑（SM-G9550）全视曲面屏 虹膜识别 全网通4G 双卡双待', 1559985410, 1, 'http://img13.360buyimg.com/n1/s450x450_jfs/t4894/345/2426573341/236389/f4e04f62/59000294Ncfd9f9ee.jpg', NULL);
INSERT INTO `goods` (`id`, `shop_id`, `cate`, `title`, `price`, `short_details`, `details`, `add_time`, `sell_status`, `img`, `save`) VALUES
(167, 14, 29, '努比亚(nubia)  4G全网通无线路由器WD670随身wifi车载随行mifi直插SIM卡 上网宝', '219.00', '【填充短描述】努比亚(nubia)  4G全网通无线路由器WD670随身wifi车载随行mifi直插SIM卡 上网宝', '【填充长描述】努比亚(nubia)  4G全网通无线路由器WD670随身wifi车载随行mifi直插SIM卡 上网宝', 1559996600, 1, 'http://img14.360buyimg.com/n1/s450x450_jfs/t1/11204/5/15207/282522/5ca59db9Ed246d0d3/9b12ac351b3d4b7f.jpg', NULL),
(168, 14, 29, '努比亚 nubia 红魔电竞手柄 左右手通用（单个)', '179.00', '【填充短描述】努比亚 nubia 红魔电竞手柄 左右手通用（单个)', '【填充长描述】努比亚 nubia 红魔电竞手柄 左右手通用（单个)', 1559996611, 1, 'http://img13.360buyimg.com/n1/s450x450_jfs/t1/43230/28/2531/233314/5ccadd5cE60b01660/1d77e4c58f73a0f2.jpg', NULL),
(169, 14, 29, '努比亚 nubia 红魔3手柄保护套 双滑轨保护套（手柄专用）', '49.00', '【填充短描述】努比亚 nubia 红魔3手柄保护套 双滑轨保护套（手柄专用）', '【填充长描述】努比亚 nubia 红魔3手柄保护套 双滑轨保护套（手柄专用）', 1559996617, 1, 'http://img12.360buyimg.com/n1/s450x450_jfs/t1/37505/31/6243/60864/5cc6655aEebd7363c/ae1c6907ee3ed36f.jpg', NULL),
(170, 14, 29, '努比亚 nubia 红魔电竞移动电源 红魔弹夹移动电源 27W PD快充', '149.00', '【填充短描述】努比亚 nubia 红魔电竞移动电源 红魔弹夹移动电源 27W PD快充', '【填充长描述】努比亚 nubia 红魔电竞移动电源 红魔弹夹移动电源 27W PD快充', 1559996624, 1, 'http://img11.360buyimg.com/n1/s450x450_jfs/t1/43545/33/1485/29254/5cc665ebE3aeb22aa/8f268658cd2ea6a3.jpg', NULL),
(171, 14, 29, '努比亚（nubia）律音耳机 手机斜入耳式线控耳塞', '99.00', '【填充短描述】努比亚（nubia）律音耳机 手机斜入耳式线控耳塞', '【填充长描述】努比亚（nubia）律音耳机 手机斜入耳式线控耳塞', 1559996629, 1, 'http://img14.360buyimg.com/n1/s450x450_jfs/t2947/226/655479920/21048/c66e474/57627dafN55538af5.jpg', NULL),
(172, 14, 29, '努比亚（nubia）红魔mars手柄专用保护套 双滑轨游戏保护套', '49.00', '【填充短描述】努比亚（nubia）红魔mars手柄专用保护套 双滑轨游戏保护套', '【填充长描述】努比亚（nubia）红魔mars手柄专用保护套 双滑轨游戏保护套', 1559996636, 1, 'http://img13.360buyimg.com/n1/s450x450_jfs/t29554/48/1567351354/82616/5c16f8e5/5ce4b0d8N266bbea8.jpg', NULL),
(173, 14, 29, '努比亚（nubia）红魔电竞游戏耳机', '199.00', '【填充短描述】努比亚（nubia）红魔电竞游戏耳机', '【填充长描述】努比亚（nubia）红魔电竞游戏耳机', 1559996683, 1, 'http://img12.360buyimg.com/n1/s450x450_jfs/t1/8165/23/8647/42587/5c0dc6ccEa983cc09/10c5f4cf97380a13.jpg', NULL),
(174, 14, 29, '努比亚（nubia）红魔Mars向量保护套', '79.00', '【填充短描述】努比亚（nubia）红魔Mars向量保护套', '【填充长描述】努比亚（nubia）红魔Mars向量保护套', 1559996690, 1, 'http://img12.360buyimg.com/n1/s450x450_jfs/t1/21694/16/845/52338/5c0dc707E27b2467f/c1edd5051024a6de.jpg', NULL),
(175, 14, 29, '努比亚 nubia 红魔 全面屏 游戏手机 8GB+128GB 烈焰红 移动联通电信4G手机 双卡双待', '2499.00', '【填充短描述】努比亚 nubia 红魔 全面屏 游戏手机 8GB+128GB 烈焰红 移动联通电信4G手机 双卡双待', '【填充长描述】努比亚 nubia 红魔 全面屏 游戏手机 8GB+128GB 烈焰红 移动联通电信4G手机 双卡双待', 1559996695, 1, 'http://img10.360buyimg.com/n1/s450x450_jfs/t23803/98/2352224493/139245/bb47710c/5b7ba5b3N0fbf3382.jpg', NULL),
(176, 14, 29, '努比亚（nubia）Z17 无边框 黑金 8GB+128GB 全网通 移动联通电信4G手机 双卡双待', '2999.00', '【填充短描述】努比亚（nubia）Z17 无边框 黑金 8GB+128GB 全网通 移动联通电信4G手机 双卡双待', '【填充长描述】努比亚（nubia）Z17 无边框 黑金 8GB+128GB 全网通 移动联通电信4G手机 双卡双待', 1559996701, 1, 'http://img10.360buyimg.com/n1/s450x450_jfs/t12118/214/1302417024/194480/1618d1d6/5a1e34b8Nd51b6657.jpg', NULL),
(177, 14, 29, '努比亚 nubia 红魔Mars电竞手机 全面屏 游戏手机 8GB+128GB 曜石黑 移动联通电信4G手机 双卡双待', '2499.00', '【填充短描述】努比亚 nubia 红魔Mars电竞手机 全面屏 游戏手机 8GB+128GB 曜石黑 移动联通电信4G手机 双卡双待', '【填充长描述】努比亚 nubia 红魔Mars电竞手机 全面屏 游戏手机 8GB+128GB 曜石黑 移动联通电信4G手机 双卡双待', 1559996707, 1, 'http://img13.360buyimg.com/n1/s450x450_jfs/t27640/245/2434794534/171143/fdcb750e/5c024af6Nf903ed84.jpg', NULL),
(178, 14, 29, '努比亚（nubia） V18 全面屏 长续航手机 4GB+64GB 曜石黑 移动联通电信全网通4G手机 双卡双待', '799.00', '【填充短描述】努比亚（nubia） V18 全面屏 长续航手机 4GB+64GB 曜石黑 移动联通电信全网通4G手机 双卡双待', '【填充长描述】努比亚（nubia） V18 全面屏 长续航手机 4GB+64GB 曜石黑 移动联通电信全网通4G手机 双卡双待', 1559996712, 1, 'http://img12.360buyimg.com/n1/s450x450_jfs/t1/45126/21/381/184228/5cd50f79Ea0965396/6f5472e47012e274.jpg', NULL),
(179, 9, 30, '诺基亚 NOKIA X7 4GB+64GB 幻夜银 蔡司认证 AI智能美拍 全网通 4G双卡双待', '1699.00', '【填充短描述】诺基亚 NOKIA X7 4GB+64GB 幻夜银 蔡司认证 AI智能美拍 全网通 4G双卡双待', '【填充长描述】诺基亚 NOKIA X7 4GB+64GB 幻夜银 蔡司认证 AI智能美拍 全网通 4G双卡双待', 1559996880, 1, 'http://img11.360buyimg.com/n1/s450x450_jfs/t1/4177/14/11198/209856/5bced9f3Efad2f751/5163ede0eb50ddc1.jpg', NULL),
(180, 9, 30, '诺基亚 NOKIA X7 4GB+64GB 暮夜红 蔡司认证 AI智能美拍 全网通 4G双卡双待', '1699.00', '【填充短描述】诺基亚 NOKIA X7 4GB+64GB 暮夜红 蔡司认证 AI智能美拍 全网通 4G双卡双待', '【填充长描述】诺基亚 NOKIA X7 4GB+64GB 暮夜红 蔡司认证 AI智能美拍 全网通 4G双卡双待', 1559996891, 1, 'http://img10.360buyimg.com/n1/s450x450_jfs/t27340/289/1244679163/210006/8d50dc77/5bc43b74N5c725433.jpg', NULL),
(181, 9, 30, '诺基亚 NOKIA X7 4GB+64GB 暗夜蓝 蔡司认证 AI智能美拍 全网通 4G双卡双待', '1699.00', '【填充短描述】诺基亚 NOKIA X7 4GB+64GB 暗夜蓝 蔡司认证 AI智能美拍 全网通 4G双卡双待', '【填充长描述】诺基亚 NOKIA X7 4GB+64GB 暗夜蓝 蔡司认证 AI智能美拍 全网通 4G双卡双待', 1559996897, 1, 'http://img13.360buyimg.com/n1/s450x450_jfs/t25981/348/1322112509/338382/daddd019/5badd5f2N1cb77599.jpg', NULL),
(182, 9, 30, '诺基亚 NOKIA X6 6GB+64GB 星空黑 全网通 双卡双待 移动联通电信4G手机', '1099.00', '【填充短描述】诺基亚 NOKIA X6 6GB+64GB 星空黑 全网通 双卡双待 移动联通电信4G手机', '<p>【填充描述】诺基亚 NOKIA X6 6GB+64GB 星空黑 全网通 双卡双待 移动联通电信4G手机</p><p><br></p>', 1559996903, 1, 'http://img13.360buyimg.com/n1/s450x450_jfs/t19759/338/2338072914/190731/65ba22/5af0647bNca23c27c.jpg', NULL),
(183, 9, 30, '诺基亚 NOKIA X6 6GB+64GB 暗夜蓝 全网通 双卡双待 移动联通电信4G手机', '1099.00', '【填充短描述】诺基亚 NOKIA X6 6GB+64GB 暗夜蓝 全网通 双卡双待 移动联通电信4G手机', '<p>【填充描述】诺基亚 NOKIA X6 6GB+64GB 暗夜蓝 全网通 双卡双待 移动联通电信4G手机</p>', 1559996909, 1, 'http://img13.360buyimg.com/n1/s450x450_jfs/t17893/62/2292595175/203793/f9f062b2/5af063abN7a200ba1.jpg', NULL),
(193, 1, 34, '惠普（HP）Z238(3GS34PA) 台式工作站 设计电脑 i5-7500/2x4GB nECC/1TB SATA/DVDRW/Win10 Home/3年保修', '4299.00', '【填充短描述】惠普（HP）Z238(3GS34PA) 台式工作站 设计电脑 i5-7500/2x4GB nECC/1TB SATA/DVDRW/Win10 Home/3年保修', '【填充长描述】惠普（HP）Z238(3GS34PA) 台式工作站 设计电脑 i5-7500/2x4GB nECC/1TB SATA/DVDRW/Win10 Home/3年保修', 1559997275, 1, 'http://img13.360buyimg.com/n1/s450x450_jfs/t13297/299/1332135909/109347/fc8d0df8/5a1e2414Nc347face.jpg', NULL),
(184, 9, 30, '诺基亚 7 Plus (Nokia 7 Plus) 4GB+64GB 白色 全网通 双卡双待 移动联通电信4G手机', '1499.00', '【填充短描述】诺基亚 7 Plus (Nokia 7 Plus) 4GB+64GB 白色 全网通 双卡双待 移动联通电信4G手机', '【填充长描述】诺基亚 7 Plus (Nokia 7 Plus) 4GB+64GB 白色 全网通 双卡双待 移动联通电信4G手机', 1559996914, 1, 'http://img11.360buyimg.com/n1/s450x450_jfs/t18349/309/1956045493/92774/b3c9c624/5addd070Na9855919.jpg', NULL),
(185, 9, 30, '诺基亚（NOKIA）新105 黑色 直板按键 移动联通2G手机 双卡双待 老人手机 学生备用功能机', '159.00', '【填充短描述】诺基亚（NOKIA）新105 黑色 直板按键 移动联通2G手机 双卡双待 老人手机 学生备用功能机', '【填充长描述】诺基亚（NOKIA）新105 黑色 直板按键 移动联通2G手机 双卡双待 老人手机 学生备用功能机', 1559996920, 1, 'http://img12.360buyimg.com/n1/s450x450_jfs/t8566/92/2310322615/149475/f152154b/59c9d457N503588b9.jpg', NULL),
(186, 9, 30, '诺基亚（NOKIA）新130 黑色 直板按键 移动联通2G手机 双卡双待 老人手机 学生备用功能机', '159.00', '【填充短描述】诺基亚（NOKIA）新130 黑色 直板按键 移动联通2G手机 双卡双待 老人手机 学生备用功能机', '【填充长描述】诺基亚（NOKIA）新130 黑色 直板按键 移动联通2G手机 双卡双待 老人手机 学生备用功能机', 1559996926, 1, 'http://img11.360buyimg.com/n1/s450x450_jfs/t7861/255/2388333299/159380/24ed7235/59ae553aN248aa043.jpg', NULL),
(187, 9, 30, '诺基亚 NOKIA 8110 移动联通4G手机 黄色 直板按键  双卡双待 经典复刻 炫酷滑盖 4G热点备用功能机', '499.00', '【填充短描述】诺基亚 NOKIA 8110 移动联通4G手机 黄色 直板按键  双卡双待 经典复刻 炫酷滑盖 4G热点备用功能机', '【填充长描述】诺基亚 NOKIA 8110 移动联通4G手机 黄色 直板按键  双卡双待 经典复刻 炫酷滑盖 4G热点备用功能机', 1559996933, 1, 'http://img14.360buyimg.com/n1/s450x450_jfs/t21949/69/2044466680/171928/5301291c/5b45e393N344190f3.jpg', NULL),
(188, 9, 30, '诺基亚（NOKIA）新105 蓝色 直板按键 移动联通2G手机 老人手机 学生备用功能机', '149.00', '【填充短描述】诺基亚（NOKIA）新105 蓝色 直板按键 移动联通2G手机 老人手机 学生备用功能机', '【填充长描述】诺基亚（NOKIA）新105 蓝色 直板按键 移动联通2G手机 老人手机 学生备用功能机', 1559996939, 1, 'http://img12.360buyimg.com/n1/s450x450_jfs/t7015/74/2416077999/165760/62b0630c/598bd744Nafd1bda9.jpg', NULL),
(189, 9, 30, '诺基亚 NOKIA X71 6GB+128GB 太空黑 蔡司认证 后置三摄 全网通 双卡双待 移动联通电信4G手机', '2699.00', '【填充短描述】诺基亚 NOKIA X71 6GB+128GB 太空黑 蔡司认证 后置三摄 全网通 双卡双待 移动联通电信4G手机', '【填充长描述】诺基亚 NOKIA X71 6GB+128GB 太空黑 蔡司认证 后置三摄 全网通 双卡双待 移动联通电信4G手机', 1559996945, 1, 'http://img11.360buyimg.com/n1/s450x450_jfs/t1/30274/39/9307/278371/5ca572caE73a691e3/ebd6c2ce45a2373b.jpg', NULL),
(190, 9, 30, '诺基亚（NOKIA）新105 黑色 直板按键 移动联通2G手机 老人手机 学生备用功能机', '149.00', '【填充短描述】诺基亚（NOKIA）新105 黑色 直板按键 移动联通2G手机 老人手机 学生备用功能机', '【填充长描述】诺基亚（NOKIA）新105 黑色 直板按键 移动联通2G手机 老人手机 学生备用功能机', 1559996951, 1, 'http://img14.360buyimg.com/n1/s450x450_jfs/t7183/165/1486289850/149007/7ed24019/598bd77eNa366c08c.jpg', NULL),
(191, 9, 30, '诺基亚 NOKIA 8110 移动联通4G手机 黑色 直板按键  双卡双待 经典复刻 炫酷滑盖 4G热点备用功能机', '449.00', '【填充短描述】诺基亚 NOKIA 8110 移动联通4G手机 黑色 直板按键  双卡双待 经典复刻 炫酷滑盖 4G热点备用功能机', '【填充长描述】诺基亚 NOKIA 8110 移动联通4G手机 黑色 直板按键  双卡双待 经典复刻 炫酷滑盖 4G热点备用功能机', 1559996957, 1, 'http://img10.360buyimg.com/n1/s450x450_jfs/t23524/8/857854412/134171/f75a7737/5b45e3f8Ncbbfc7f2.jpg', NULL),
(192, 9, 30, '诺基亚 NOKIA X6 6GB+64GB 暗夜蓝 全网通 双卡双待 移动联通电信4G手机', '999.00', '【填充短描述】诺基亚 NOKIA X6 6GB+64GB 暗夜蓝 全网通 双卡双待 移动联通电信4G手机', '【填充长描述】诺基亚 NOKIA X6 6GB+64GB 暗夜蓝 全网通 双卡双待 移动联通电信4G手机', 1559996964, 1, 'http://img12.360buyimg.com/n1/s450x450_jfs/t17893/62/2292595175/203793/f9f062b2/5af063abN7a200ba1.jpg', NULL),
(194, 1, 34, '惠普（HP）Z238(3JP99PA) 台式工作站 设计电脑 I7-7700/2*8G/256GSSD+1TB/Win10Home64/DVDRW/三年保修', '6799.00', '【填充短描述】惠普（HP）Z238(3JP99PA) 台式工作站 设计电脑 I7-7700/2*8G/256GSSD+1TB/Win10Home64/DVDRW/三年保修', '【填充长描述】惠普（HP）Z238(3JP99PA) 台式工作站 设计电脑 I7-7700/2*8G/256GSSD+1TB/Win10Home64/DVDRW/三年保修', 1559997281, 1, 'http://img14.360buyimg.com/n1/s450x450_jfs/t12511/106/1329237636/109347/fc8d0df8/5a1e3f1cN9a1e0f16.jpg', NULL),
(195, 1, 34, 'H3C 新华三T1100 G3单路塔式服务器主机 入门级机型 奔腾G4560 双核3.5G CPU 4G内存 1块1TB硬盘', '2699.00', '【填充短描述】H3C 新华三T1100 G3单路塔式服务器主机 入门级机型 奔腾G4560 双核3.5G CPU 4G内存 1块1TB硬盘', '【填充长描述】H3C 新华三T1100 G3单路塔式服务器主机 入门级机型 奔腾G4560 双核3.5G CPU 4G内存 1块1TB硬盘', 1559997286, 1, 'http://img11.360buyimg.com/n1/jfs/t1/12261/21/12811/347518/5c9c6cbbE1cc363fe/8178eae66f53bac9.jpg', NULL),
(196, 1, 34, 'H3C 新华三T1100 G3单路塔式服务器主机 入门级机型 酷睿i3-7100 双核3.9G CPU 8G内存 2块1TB硬盘', '4499.00', '【填充短描述】H3C 新华三T1100 G3单路塔式服务器主机 入门级机型 酷睿i3-7100 双核3.9G CPU 8G内存 2块1TB硬盘', '【填充长描述】H3C 新华三T1100 G3单路塔式服务器主机 入门级机型 酷睿i3-7100 双核3.9G CPU 8G内存 2块1TB硬盘', 1559997292, 1, 'http://img12.360buyimg.com/n1/jfs/t1/12261/21/12811/347518/5c9c6cbbE1cc363fe/8178eae66f53bac9.jpg', NULL),
(197, 6, 34, '华为（HUAWEI）2288H V5服务器主机 2U机架式  8盘位 RH2288H V3升级款 1颗 铜牌3104 06核1.7GHz | 单电源 16G内存 2块 1.2T 10K | SR130', '16558.00', '【填充短描述】华为（HUAWEI）2288H V5服务器主机 2U机架式  8盘位 RH2288H V3升级款 1颗 铜牌3104 06核1.7GHz | 单电源 16G内存 2块 1.2T 10K | SR130', '【填充长描述】华为（HUAWEI）2288H V5服务器主机 2U机架式  8盘位 RH2288H V3升级款 1颗 铜牌3104 06核1.7GHz | 单电源 16G内存 2块 1.2T 10K | SR130', 1559997297, 1, 'http://img12.360buyimg.com/n1/jfs/t1/40529/16/5795/361894/5cf47b48E9a214233/61524ec4d3243283.jpg', NULL),
(198, 18, 34, '联想（ThinkServer）TS250塔式服务器主机 至强四核 E3-1225V6 爆款 16GB / 2×1T / RAID1', '6788.00', '【填充短描述】联想（ThinkServer）TS250塔式服务器主机 至强四核 E3-1225V6 爆款 16GB / 2×1T / RAID1', '【填充长描述】联想（ThinkServer）TS250塔式服务器主机 至强四核 E3-1225V6 爆款 16GB / 2×1T / RAID1', 1559997304, 1, 'http://img11.360buyimg.com/n1/jfs/t10906/114/2900033257/162814/7fb73b98/5cdb8304Naa352374.jpg', NULL),
(199, 19, 34, '戴尔 DELL R730 2U机架式服务器主机（E5-2620V4*2/16G*4/4T SAS*3热/H730-1G/DVD/750W双电/导轨）三年质保', '29999.00', '【填充短描述】戴尔 DELL R730 2U机架式服务器主机（E5-2620V4*2/16G*4/4T SAS*3热/H730-1G/DVD/750W双电/导轨）三年质保', '【填充长描述】戴尔 DELL R730 2U机架式服务器主机（E5-2620V4*2/16G*4/4T SAS*3热/H730-1G/DVD/750W双电/导轨）三年质保', 1559997309, 1, 'http://img12.360buyimg.com/n1/s450x450_jfs/t5989/104/6260413052/117988/9745c8fb/5970781cN5c7e1b0c.jpg', NULL),
(200, 18, 34, '联想（Lenovo） TS250 服务器 塔式服务器 服务器主机 至强四核E3-1225v6 3.3GHz 16G内存丨1T硬盘', '6288.00', '【填充短描述】联想（Lenovo） TS250 服务器 塔式服务器 服务器主机 至强四核E3-1225v6 3.3GHz 16G内存丨1T硬盘', '【填充长描述】联想（Lenovo） TS250 服务器 塔式服务器 服务器主机 至强四核E3-1225v6 3.3GHz 16G内存丨1T硬盘', 1559997314, 1, 'http://img11.360buyimg.com/n1/jfs/t1/29776/11/13230/133223/5c9f11ebEa3e68c42/6997fc41e285982d.jpg', NULL),
(201, 19, 34, '戴尔（DELL）设计本 Precision3530 商务轻薄 移动图形笔记本工作站P600 4G独显 爆款I7-8750H8G/1T+256G/3年上门 15.6英寸/高分屏Win10雷电接口/72%', '9799.00', '【填充短描述】戴尔（DELL）设计本 Precision3530 商务轻薄 移动图形笔记本工作站P600 4G独显 爆款I7-8750H8G/1T+256G/3年上门 15.6英寸/高分屏Win10雷电接口/72%', '【填充长描述】戴尔（DELL）设计本 Precision3530 商务轻薄 移动图形笔记本工作站P600 4G独显 爆款I7-8750H8G/1T+256G/3年上门 15.6英寸/高分屏Win10雷电接口/72%', 1559997319, 1, 'http://img14.360buyimg.com/n1/jfs/t1/17037/2/11484/93853/5c8f4ee6Eed0531d6/86fbbe8a44f93f99.jpg', NULL),
(202, 1, 34, '惠普（HP）HPE DL388Gen10/DL380G10 2U机架式服务器(替代DL388 G9) 1颗铜牌3104 6核1.7G CPU配单电源 16G内存+2块300G 10K SAS硬盘', '13099.00', '【填充短描述】惠普（HP）HPE DL388Gen10/DL380G10 2U机架式服务器(替代DL388 G9) 1颗铜牌3104 6核1.7G CPU配单电源 16G内存+2块300G 10K SAS硬盘', '【填充长描述】惠普（HP）HPE DL388Gen10/DL380G10 2U机架式服务器(替代DL388 G9) 1颗铜牌3104 6核1.7G CPU配单电源 16G内存+2块300G 10K SAS硬盘', 1559997325, 1, 'http://img11.360buyimg.com/n1/jfs/t1/20186/3/13022/249381/5c9c97ecE40f5437d/835b16ccd6ce559d.jpg', NULL),
(203, 19, 34, '戴尔（DELL）PowerEdgeT30服务器 (E3-1225/8GB ECC/1TB SATA /3年上门服务)', '5299.00', '【填充短描述】戴尔（DELL）PowerEdgeT30服务器 (E3-1225/8GB ECC/1TB SATA /3年上门服务)', '【填充长描述】戴尔（DELL）PowerEdgeT30服务器 (E3-1225/8GB ECC/1TB SATA /3年上门服务)', 1559997330, 1, 'http://img12.360buyimg.com/n1/s450x450_jfs/t3670/124/1877895975/174532/7ae9d805/5834fb09Nec007565.jpg', NULL),
(204, 19, 34, '戴尔（DELL） R730服务器主机机架式双路至强ERP文件共享存储 1颗E5-2603V4  6核  6线程 【爆款】16G内存丨2*2T企业级丨H330', '13480.00', '【填充短描述】戴尔（DELL） R730服务器主机机架式双路至强ERP文件共享存储 1颗E5-2603V4  6核  6线程 【爆款】16G内存丨2*2T企业级丨H330', '【填充长描述】戴尔（DELL） R730服务器主机机架式双路至强ERP文件共享存储 1颗E5-2603V4  6核  6线程 【爆款】16G内存丨2*2T企业级丨H330', 1559997336, 1, 'http://img11.360buyimg.com/n1/jfs/t1/35149/35/11290/343483/5cf798d4Ed907a861/53d7cd5a01f2fbb3.jpg', NULL),
(205, 19, 34, '戴尔（DELL） T440塔式服务器主机电脑整机静音T430升级版 1*铜牌3104 6核 冷盘冷电 8G内存丨1T硬盘【扩展性强】', '11550.00', '【填充短描述】戴尔（DELL） T440塔式服务器主机电脑整机静音T430升级版 1*铜牌3104 6核 冷盘冷电 8G内存丨1T硬盘【扩展性强】', '【填充长描述】戴尔（DELL） T440塔式服务器主机电脑整机静音T430升级版 1*铜牌3104 6核 冷盘冷电 8G内存丨1T硬盘【扩展性强】', 1559997344, 1, 'http://img11.360buyimg.com/n1/jfs/t1/83340/9/1100/258926/5cf4e72eEa2a52f73/863a8a0023a135cf.jpg', NULL),
(206, 19, 34, '戴尔（DELL）Precision T3430 塔式图形工作站台式电脑主机I7-8700/32G/256G固态+2T/P1000 4G/win10H/3年', '11999.00', '【填充短描述】戴尔（DELL）Precision T3430 塔式图形工作站台式电脑主机I7-8700/32G/256G固态+2T/P1000 4G/win10H/3年', '【填充长描述】戴尔（DELL）Precision T3430 塔式图形工作站台式电脑主机I7-8700/32G/256G固态+2T/P1000 4G/win10H/3年', 1559997355, 1, 'http://img13.360buyimg.com/n1/s450x450_jfs/t28471/304/787709865/219607/6af26492/5bfe5f89Nd21231f6.jpg', NULL),
(207, 1, 35, 'AMD 锐龙 7 2700X 处理器 (r7) 8核16线程 AM4 接口 3.7GHz 盒装CPU', '2249.00', '【填充短描述】AMD 锐龙 7 2700X 处理器 (r7) 8核16线程 AM4 接口 3.7GHz 盒装CPU', '【填充长描述】AMD 锐龙 7 2700X 处理器 (r7) 8核16线程 AM4 接口 3.7GHz 盒装CPU', 1559997431, 1, 'http://img11.360buyimg.com/n1/s450x450_jfs/t1/72366/12/995/125045/5cf4d13fEed12a228/4358280b0283a69b.jpg', NULL),
(208, 1, 35, '英特尔（Intel） i7 8700K 酷睿六核 盒装CPU处理器', '2799.00', '【填充短描述】英特尔（Intel） i7 8700K 酷睿六核 盒装CPU处理器', '【填充长描述】英特尔（Intel） i7 8700K 酷睿六核 盒装CPU处理器', 1559997440, 1, 'http://img10.360buyimg.com/n1/s450x450_jfs/t18448/200/2532654839/268503/b46a717e/5afe4d0cN10f96d55.jpg', NULL),
(209, 1, 35, '英特尔（Intel）i5 8500 酷睿六核 盒装CPU处理器', '1599.00', '【填充短描述】英特尔（Intel）i5 8500 酷睿六核 盒装CPU处理器', '【填充长描述】英特尔（Intel）i5 8500 酷睿六核 盒装CPU处理器', 1559997446, 1, 'http://img13.360buyimg.com/n1/s450x450_jfs/t14434/196/2670938343/2466623/73c579f6/5ab1f616N196cd6ca.jpg', NULL),
(210, 1, 35, '英特尔（Intel）i5-9600K  酷睿六核 盒装CPU处理器', '1799.00', '【填充短描述】英特尔（Intel）i5-9600K  酷睿六核 盒装CPU处理器', '【填充长描述】英特尔（Intel）i5-9600K  酷睿六核 盒装CPU处理器', 1559997453, 1, 'http://img14.360buyimg.com/n1/s450x450_jfs/t25780/292/1764523082/195064/2ce71b3a/5bbc1022Naba25cf6.jpg', NULL),
(211, 1, 35, '英特尔（Intel） i5 8400 酷睿六核 盒装CPU处理器', '1549.00', '【填充短描述】英特尔（Intel） i5 8400 酷睿六核 盒装CPU处理器', '【填充长描述】英特尔（Intel） i5 8400 酷睿六核 盒装CPU处理器', 1559997458, 1, 'http://img12.360buyimg.com/n1/s450x450_jfs/t19942/48/868467666/162781/2f73e1c1/5b0cfa02N15918539.jpg', NULL),
(212, 1, 35, 'AMD 锐龙 5 2600X 处理器 (r5) 6核12线程 AM4 接口 3.6GHz 盒装CPU', '1249.00', '【填充短描述】AMD 锐龙 5 2600X 处理器 (r5) 6核12线程 AM4 接口 3.6GHz 盒装CPU', '【填充长描述】AMD 锐龙 5 2600X 处理器 (r5) 6核12线程 AM4 接口 3.6GHz 盒装CPU', 1559997465, 1, 'http://img14.360buyimg.com/n1/s450x450_jfs/t1/60047/23/1093/143660/5cf4d04eEf986f8ed/4e2610c2ae1895d3.jpg', NULL),
(213, 1, 35, '英特尔（Intel）i9-9900k 酷睿八核 盒装CPU处理器', '4099.00', '【填充短描述】英特尔（Intel）i9-9900k 酷睿八核 盒装CPU处理器', '【填充长描述】英特尔（Intel）i9-9900k 酷睿八核 盒装CPU处理器', 1559997470, 1, 'http://img14.360buyimg.com/n1/s450x450_jfs/t26098/41/1768184792/197098/91c61ded/5bbb0c22N7e7df7d2.jpg', NULL),
(214, 1, 35, '英特尔（Intel） i7 8700 酷睿六核 盒装CPU处理器', '2349.00', '【填充短描述】英特尔（Intel） i7 8700 酷睿六核 盒装CPU处理器', '【填充长描述】英特尔（Intel） i7 8700 酷睿六核 盒装CPU处理器', 1559997476, 1, 'http://img12.360buyimg.com/n1/s450x450_jfs/t19876/121/551161046/273454/946beee7/5afe4de8Nda23f166.jpg', NULL),
(215, 1, 35, '微星（MSI）MPG Z390 GAMING PRO CARBON 暗黑板主板+英特尔（Intel） i7-9700K 酷睿八核 CPU 板U套装', '4049.00', '【填充短描述】微星（MSI）MPG Z390 GAMING PRO CARBON 暗黑板主板+英特尔（Intel） i7-9700K 酷睿八核 CPU 板U套装', '【填充长描述】微星（MSI）MPG Z390 GAMING PRO CARBON 暗黑板主板+英特尔（Intel） i7-9700K 酷睿八核 CPU 板U套装', 1559997481, 1, 'http://img11.360buyimg.com/n1/s450x450_jfs/t27091/115/2577132710/306881/247bd325/5c06243eN7edaa545.jpg', NULL),
(216, 1, 35, '英特尔（Intel）i5 9400F 酷睿六核 盒装CPU处理器', '1249.00', '【填充短描述】英特尔（Intel）i5 9400F 酷睿六核 盒装CPU处理器', '【填充长描述】英特尔（Intel）i5 9400F 酷睿六核 盒装CPU处理器', 1559997488, 1, 'http://img12.360buyimg.com/n1/s450x450_jfs/t1/25515/4/5876/132712/5c458a4bE8104c898/8f6f70c50771e5a1.jpg', NULL),
(217, 1, 35, '英特尔（Intel）i7 8700/8700k/9700k CPU电脑处理器主板U套装 技嘉Z370 HD3主板CPU套装 i7 8700K 六核/3.7G超频', '3299.00', '【填充短描述】英特尔（Intel）i7 8700/8700k/9700k CPU电脑处理器主板U套装 技嘉Z370 HD3主板CPU套装 i7 8700K 六核/3.7G超频', '【填充长描述】英特尔（Intel）i7 8700/8700k/9700k CPU电脑处理器主板U套装 技嘉Z370 HD3主板CPU套装 i7 8700K 六核/3.7G超频', 1559997502, 1, 'http://img12.360buyimg.com/n1/jfs/t1/24331/34/11876/159023/5c93654dE0284d475/9047fd24d9299e82.jpg', NULL),
(218, 1, 35, '英特尔（Intel）NUC8i7BEH6 NUC迷你电脑主机 豆子峡谷 内置第八代酷睿 i7-8559U 支持win10操作系统', '3799.00', '【填充短描述】英特尔（Intel）NUC8i7BEH6 NUC迷你电脑主机 豆子峡谷 内置第八代酷睿 i7-8559U 支持win10操作系统', '【填充长描述】英特尔（Intel）NUC8i7BEH6 NUC迷你电脑主机 豆子峡谷 内置第八代酷睿 i7-8559U 支持win10操作系统', 1559997508, 1, 'http://img11.360buyimg.com/n1/s450x450_jfs/t1/14043/10/1883/194330/5c171ab9E109d8a24/e6e4e4c53827cb8b.jpg', NULL),
(219, 1, 35, 'AMD 锐龙 Threadripper (线程撕裂者) 2950X 处理器16核32线程 Socket TR4接口 盒装CPU', '6499.00', '【填充短描述】AMD 锐龙 Threadripper (线程撕裂者) 2950X 处理器16核32线程 Socket TR4接口 盒装CPU', '【填充长描述】AMD 锐龙 Threadripper (线程撕裂者) 2950X 处理器16核32线程 Socket TR4接口 盒装CPU', 1559997514, 1, 'http://img14.360buyimg.com/n1/s450x450_jfs/t26995/199/492057305/342927/a8044357/5baf03b5N1e015209.jpg', NULL),
(220, 1, 36, '微星（MSI）旗舰魔龙 GeForce RTX 2080 GAMING X TRIO 1515-1860MHz 8GB GDDR6  游戏电竞电脑独立显卡', '5999.00', '【填充短描述】微星（MSI）旗舰魔龙 GeForce RTX 2080 GAMING X TRIO 1515-1860MHz 8GB GDDR6  游戏电竞电脑独立显卡', '【填充长描述】微星（MSI）旗舰魔龙 GeForce RTX 2080 GAMING X TRIO 1515-1860MHz 8GB GDDR6  游戏电竞电脑独立显卡', 1559997599, 1, 'http://img13.360buyimg.com/n1/s450x450_jfs/t1/17207/29/6785/301081/5c629722Ee03e0248/ae1865b5a48b27ac.jpg', NULL),
(221, 1, 36, '英伟达（NVIDIA）GeForce GTX 1070 Founders Edition', '2299.00', '【填充短描述】英伟达（NVIDIA）GeForce GTX 1070 Founders Edition', '【填充长描述】英伟达（NVIDIA）GeForce GTX 1070 Founders Edition', 1559997605, 1, 'http://img14.360buyimg.com/n1/s450x450_jfs/t5275/186/2508569575/149285/718a273b/591d1016N508c24a7.jpg', NULL),
(222, 1, 36, '蓝宝石 Sapphire RX580 8G D5 白金版 OC 1366MHz/8000MHz 8GB/256bit GDDR5 DX12 独立游戏显卡', '1199.00', '【填充短描述】蓝宝石 Sapphire RX580 8G D5 白金版 OC 1366MHz/8000MHz 8GB/256bit GDDR5 DX12 独立游戏显卡', '【填充长描述】蓝宝石 Sapphire RX580 8G D5 白金版 OC 1366MHz/8000MHz 8GB/256bit GDDR5 DX12 独立游戏显卡', 1559997617, 1, 'http://img14.360buyimg.com/n1/s450x450_jfs/t1/18309/21/11796/272664/5c91e149Ea56ab96a/da7316a511688f72.jpg', NULL),
(223, 1, 36, '索泰(ZOTAC)GTX1060 X-GAMING OC显卡自营/台式机游戏吃鸡独立显卡6GD5/1569-1784/8008MHz', '1299.00', '【填充短描述】索泰(ZOTAC)GTX1060 X-GAMING OC显卡自营/台式机游戏吃鸡独立显卡6GD5/1569-1784/8008MHz', '【填充长描述】索泰(ZOTAC)GTX1060 X-GAMING OC显卡自营/台式机游戏吃鸡独立显卡6GD5/1569-1784/8008MHz', 1559997623, 1, 'http://img11.360buyimg.com/n1/s450x450_jfs/t6988/285/2115461466/171490/7f426059/59896cadN7c170bf7.jpg', NULL),
(224, 1, 36, '七彩虹（Colorful）iGame GeForce RTX 2070 Ultra  GDDR6 8G电竞游戏显卡', '3699.00', '【填充短描述】七彩虹（Colorful）iGame GeForce RTX 2070 Ultra  GDDR6 8G电竞游戏显卡', '【填充长描述】七彩虹（Colorful）iGame GeForce RTX 2070 Ultra  GDDR6 8G电竞游戏显卡', 1559997629, 1, 'http://img11.360buyimg.com/n1/s450x450_jfs/t1/57142/38/94/147081/5cd26cc0E2101fe82/d6fa14c0b0c23839.jpg', NULL),
(225, 1, 36, '七彩虹（Colorful）iGame GeForce RTX 2070 Vulcan X OC GDDR6 8G电竞游戏显卡', '4199.00', '【填充短描述】七彩虹（Colorful）iGame GeForce RTX 2070 Vulcan X OC GDDR6 8G电竞游戏显卡', '【填充长描述】七彩虹（Colorful）iGame GeForce RTX 2070 Vulcan X OC GDDR6 8G电竞游戏显卡', 1559997636, 1, 'http://img12.360buyimg.com/n1/s450x450_jfs/t1/69030/6/5/151916/5cd2542eE057af181/d40c262a61dae4bb.jpg', NULL),
(226, 1, 36, '七彩虹（Colorful）iGame GeForce GTX 1660Ti Ultra 6G GDDR6 电竞游戏显卡', '2099.00', '【填充短描述】七彩虹（Colorful）iGame GeForce GTX 1660Ti Ultra 6G GDDR6 电竞游戏显卡', '【填充长描述】七彩虹（Colorful）iGame GeForce GTX 1660Ti Ultra 6G GDDR6 电竞游戏显卡', 1559997658, 1, 'http://img13.360buyimg.com/n1/s450x450_jfs/t1/53215/13/90/136020/5cd26ed1E076d4cb6/5a0bfb77760d8489.jpg', NULL),
(227, 1, 36, '华硕（ASUS）ROG-STRIX-GeForce RTX2080 TI-O11G-GAMING 1350-1665MHz 14000MHz 游戏电竞专业显卡 11G', '12899.00', '【填充短描述】华硕（ASUS）ROG-STRIX-GeForce RTX2080 TI-O11G-GAMING 1350-1665MHz 14000MHz 游戏电竞专业显卡 11G', '【填充长描述】华硕（ASUS）ROG-STRIX-GeForce RTX2080 TI-O11G-GAMING 1350-1665MHz 14000MHz 游戏电竞专业显卡 11G', 1559997668, 1, 'http://img13.360buyimg.com/n1/s450x450_jfs/t1/19651/11/13139/337318/5c9db05cE7a798136/f111585c1abd104a.jpg', NULL),
(228, 1, 36, '华硕（ASUS）ROG-STRIX-GeForce RTX2060-O6G-GAMING 1365-1860MHz 14000MHz猛禽游戏电竞显卡', '3299.00', '【填充短描述】华硕（ASUS）ROG-STRIX-GeForce RTX2060-O6G-GAMING 1365-1860MHz 14000MHz猛禽游戏电竞显卡', '【填充长描述】华硕（ASUS）ROG-STRIX-GeForce RTX2060-O6G-GAMING 1365-1860MHz 14000MHz猛禽游戏电竞显卡', 1559997674, 1, 'http://img11.360buyimg.com/n1/s450x450_jfs/t1/20714/38/13228/405865/5c9dcff8Ef9d1435c/2feb684372f14a7f.jpg', NULL),
(229, 1, 36, '技嘉(GIGABYTE)GeForce GTX 1660Ti GAMING OC 6G 12000MHz 192bit GDDR6 6G 电竞游戏显卡', '1979.00', '【填充短描述】技嘉(GIGABYTE)GeForce GTX 1660Ti GAMING OC 6G 12000MHz 192bit GDDR6 6G 电竞游戏显卡', '【填充长描述】技嘉(GIGABYTE)GeForce GTX 1660Ti GAMING OC 6G 12000MHz 192bit GDDR6 6G 电竞游戏显卡', 1559997680, 1, 'http://img12.360buyimg.com/n1/s450x450_jfs/t1/17607/11/7578/98773/5c6e581aE2f46c843/3a841fa29e837436.jpg', NULL),
(230, 1, 36, '华硕（ASUS）ROG STRIX-GeForce RTX 2080-O8G-GAMING 1515-1890MHz 14000MHz 猛禽游戏显卡', '6599.00', '【填充短描述】华硕（ASUS）ROG STRIX-GeForce RTX 2080-O8G-GAMING 1515-1890MHz 14000MHz 猛禽游戏显卡', '【填充长描述】华硕（ASUS）ROG STRIX-GeForce RTX 2080-O8G-GAMING 1515-1890MHz 14000MHz 猛禽游戏显卡', 1559997684, 1, 'http://img14.360buyimg.com/n1/s450x450_jfs/t1/11975/5/13612/231055/5c9b207eEeec13800/e6371a567f8466bd.jpg', NULL),
(231, 1, 36, '七彩虹（Colorful）iGame GeForce RTX 2060 Ultra GDDR6 6G电竞游戏显卡', '2599.00', '【填充短描述】七彩虹（Colorful）iGame GeForce RTX 2060 Ultra GDDR6 6G电竞游戏显卡', '【填充长描述】七彩虹（Colorful）iGame GeForce RTX 2060 Ultra GDDR6 6G电竞游戏显卡', 1559997690, 1, 'http://img10.360buyimg.com/n1/s450x450_jfs/t1/77252/13/12/133933/5cd26da4E6890cc63/ddfdab452ae3e0b4.jpg', NULL),
(232, 1, 36, '华硕（ASUS）ROG-STRIX-GeForce RTX2070-O8G-GAMING 1410-1845MHz 14000MHz猛禽游戏显卡', '4499.00', '【填充短描述】华硕（ASUS）ROG-STRIX-GeForce RTX2070-O8G-GAMING 1410-1845MHz 14000MHz猛禽游戏显卡', '【填充长描述】华硕（ASUS）ROG-STRIX-GeForce RTX2070-O8G-GAMING 1410-1845MHz 14000MHz猛禽游戏显卡', 1559997696, 1, 'http://img14.360buyimg.com/n1/s450x450_jfs/t1/19595/34/13254/367733/5c9dcf02E392c1f78/3a7085cbc41789da.jpg', NULL),
(233, 1, 37, '罗技（Logitech）M185(M186) 鼠标 无线鼠标 办公鼠标 对称鼠标 黑色灰边 自营 带无线2.4G接收器', '45.90', '【填充短描述】罗技（Logitech）M185(M186) 鼠标 无线鼠标 办公鼠标 对称鼠标 黑色灰边 自营 带无线2.4G接收器', '【填充长描述】罗技（Logitech）M185(M186) 鼠标 无线鼠标 办公鼠标 对称鼠标 黑色灰边 自营 带无线2.4G接收器', 1560000410, 1, 'http://img13.360buyimg.com/n1/s450x450_jfs/t1960/281/2094375806/154873/6944e77f/56f20611N924b233c.jpg', NULL),
(234, 1, 37, '罗技（G）G402有线鼠标 游戏鼠标 高速追踪游戏鼠标 吃鸡鼠标 绝地求生 自营', '199.00', '【填充短描述】罗技（G）G402有线鼠标 游戏鼠标 高速追踪游戏鼠标 吃鸡鼠标 绝地求生 自营', '【填充长描述】罗技（G）G402有线鼠标 游戏鼠标 高速追踪游戏鼠标 吃鸡鼠标 绝地求生 自营', 1560000419, 1, 'http://img14.360buyimg.com/n1/s450x450_jfs/t217/235/780207740/62489/3ffe774a/53f157f7N94e24338.jpg', NULL),
(235, 1, 37, '罗技（G）G304 LIGHTSPEED无线鼠标 游戏鼠标 轻质便携 吃鸡鼠标 绝地求生 鼠标宏 黑色 自营 12000DPI', '199.00', '【填充短描述】罗技（G）G304 LIGHTSPEED无线鼠标 游戏鼠标 轻质便携 吃鸡鼠标 绝地求生 鼠标宏 黑色 自营 12000DPI', '【填充长描述】罗技（G）G304 LIGHTSPEED无线鼠标 游戏鼠标 轻质便携 吃鸡鼠标 绝地求生 鼠标宏 黑色 自营 12000DPI', 1560000427, 1, 'http://img10.360buyimg.com/n1/s450x450_jfs/t1/44878/17/1179/102403/5cee503bEfdf05930/8ef9c2c5e92e196d.jpg', NULL),
(236, 1, 37, '罗技（Logitech）M220 鼠标 无线鼠标 办公鼠标 静音鼠标 对称鼠标 灰黑色 自营 带无线2.4G接收器', '79.00', '【填充短描述】罗技（Logitech）M220 鼠标 无线鼠标 办公鼠标 静音鼠标 对称鼠标 灰黑色 自营 带无线2.4G接收器', '【填充长描述】罗技（Logitech）M220 鼠标 无线鼠标 办公鼠标 静音鼠标 对称鼠标 灰黑色 自营 带无线2.4G接收器', 1560000432, 1, 'http://img12.360buyimg.com/n1/s450x450_jfs/t1/50290/28/1107/145092/5ced2ad1Ec82f7bdc/8d1acca3ef3d917b.jpg', NULL),
(237, 1, 37, '罗技（Logitech）MX Anywhere 2S 鼠标 无线蓝牙鼠标 办公鼠标 右手鼠标 优联 儒雅黑 自营 带无线2.4G接收器', '289.00', '【填充短描述】罗技（Logitech）MX Anywhere 2S 鼠标 无线蓝牙鼠标 办公鼠标 右手鼠标 优联 儒雅黑 自营 带无线2.4G接收器', '【填充长描述】罗技（Logitech）MX Anywhere 2S 鼠标 无线蓝牙鼠标 办公鼠标 右手鼠标 优联 儒雅黑 自营 带无线2.4G接收器', 1560000438, 1, 'http://img10.360buyimg.com/n1/s450x450_jfs/t1/40458/2/7532/163896/5ced2971E49fc90d2/d4a9d8a9c3d97c78.jpg', NULL),
(238, 1, 37, '罗技（Logitech）M546(M545) 鼠标 无线鼠标 办公鼠标 对称鼠标 优联 双轴滚轮 黑色 自营 带无线2.4G接收器', '129.00', '【填充短描述】罗技（Logitech）M546(M545) 鼠标 无线鼠标 办公鼠标 对称鼠标 优联 双轴滚轮 黑色 自营 带无线2.4G接收器', '【填充长描述】罗技（Logitech）M546(M545) 鼠标 无线鼠标 办公鼠标 对称鼠标 优联 双轴滚轮 黑色 自营 带无线2.4G接收器', 1560000443, 1, 'http://img14.360buyimg.com/n1/s450x450_jfs/t1609/62/1037107892/73463/1d77ed98/55b88983Ndfcad297.jpg', NULL),
(239, 12, 37, 'Apple Magic Mouse/妙控鼠标 2代 - 银色', '579.00', '【填充短描述】Apple Magic Mouse/妙控鼠标 2代 - 银色', '【填充长描述】Apple Magic Mouse/妙控鼠标 2代 - 银色', 1560000448, 1, 'http://img11.360buyimg.com/n1/s450x450_jfs/t22177/82/1089573379/28507/6ec3e933/5b1f7ae8N0bb18cd2.jpg', NULL),
(240, 1, 37, '雷蛇（Razer）蝰蛇标准版鼠标 有线鼠标 游戏鼠标 人体工程学设计 吃鸡鼠标 黑色 自营 6400DPI', '119.00', '【填充短描述】雷蛇（Razer）蝰蛇标准版鼠标 有线鼠标 游戏鼠标 人体工程学设计 吃鸡鼠标 黑色 自营 6400DPI', '【填充长描述】雷蛇（Razer）蝰蛇标准版鼠标 有线鼠标 游戏鼠标 人体工程学设计 吃鸡鼠标 黑色 自营 6400DPI', 1560000455, 1, 'http://img14.360buyimg.com/n1/s450x450_jfs/t19840/61/1770706751/133752/c4b792de/5b39c194N08b88266.jpg', NULL),
(241, 1, 37, '罗技（Logitech）MX Master 2S 鼠标 无线蓝牙鼠标 办公鼠标 右手鼠标 优联 儒雅黑 自营 带无线2.4G接收器', '389.00', '【填充短描述】罗技（Logitech）MX Master 2S 鼠标 无线蓝牙鼠标 办公鼠标 右手鼠标 优联 儒雅黑 自营 带无线2.4G接收器', '【填充长描述】罗技（Logitech）MX Master 2S 鼠标 无线蓝牙鼠标 办公鼠标 右手鼠标 优联 儒雅黑 自营 带无线2.4G接收器', 1560000462, 1, 'http://img11.360buyimg.com/n1/s450x450_jfs/t1/51970/33/1086/169026/5ced2a6cE8df89bc9/056b24e2a3d01690.jpg', NULL),
(242, 1, 37, '罗技（G）G102有线鼠标 游戏鼠标 RBG鼠标 轻量化设计 吃鸡鼠标 绝地求生 黑色 自营 8000DPI', '99.00', '【填充短描述】罗技（G）G102有线鼠标 游戏鼠标 RBG鼠标 轻量化设计 吃鸡鼠标 绝地求生 黑色 自营 8000DPI', '【填充长描述】罗技（G）G102有线鼠标 游戏鼠标 RBG鼠标 轻量化设计 吃鸡鼠标 绝地求生 黑色 自营 8000DPI', 1560000468, 1, 'http://img14.360buyimg.com/n1/s450x450_jfs/t1/67877/36/729/89971/5cee8f4cEca43ffe0/8b4c3c6b7f8966dd.jpg', NULL),
(243, 1, 37, '罗技（G）G903 LIGHTSPEED有线/无线鼠标 游戏鼠标 RGB鼠标 无线鼠标 吃鸡鼠标 绝地求生 自营 12000DPI', '649.00', '【填充短描述】罗技（G）G903 LIGHTSPEED有线/无线鼠标 游戏鼠标 RGB鼠标 无线鼠标 吃鸡鼠标 绝地求生 自营 12000DPI', '【填充长描述】罗技（G）G903 LIGHTSPEED有线/无线鼠标 游戏鼠标 RGB鼠标 无线鼠标 吃鸡鼠标 绝地求生 自营 12000DPI', 1560000473, 1, 'http://img11.360buyimg.com/n1/s450x450_jfs/t1/45930/23/1211/155881/5cee4ff4Eb3ee9d77/cbc943f739659505.jpg', NULL),
(244, 1, 37, '罗技（G）G502 HERO主宰者有线鼠标 游戏鼠标 HERO引擎 RGB鼠标 电竞鼠标 16000DPI', '299.00', '【填充短描述】罗技（G）G502 HERO主宰者有线鼠标 游戏鼠标 HERO引擎 RGB鼠标 电竞鼠标 16000DPI', '【填充长描述】罗技（G）G502 HERO主宰者有线鼠标 游戏鼠标 HERO引擎 RGB鼠标 电竞鼠标 16000DPI', 1560000478, 1, 'http://img12.360buyimg.com/n1/s450x450_jfs/t1/54179/35/1140/93473/5cee50c0Edf6ae7d4/2d3224da952cbc7b.jpg', NULL),
(245, 1, 38, '海康威视西部数据监控硬盘 1TB 5900转64M 监控设备套装配件 录像机专用监控硬盘 WD10PURX', '384.00', '【填充短描述】海康威视西部数据监控硬盘 1TB 5900转64M 监控设备套装配件 录像机专用监控硬盘 WD10PURX', '【填充长描述】海康威视西部数据监控硬盘 1TB 5900转64M 监控设备套装配件 录像机专用监控硬盘 WD10PURX', 1560000611, 1, 'http://img10.360buyimg.com/n1/s450x450_jfs/t1/29304/13/9332/146200/5c7df0dfEf90d545f/491269c41648a422.jpg', NULL),
(246, 1, 38, '海康威视西部数据监控硬盘 6TB 7200转64M 监控设备套装配件 录像机专用监控硬盘 WD60PURX', '1389.00', '【填充短描述】海康威视西部数据监控硬盘 6TB 7200转64M 监控设备套装配件 录像机专用监控硬盘 WD60PURX', '【填充长描述】海康威视西部数据监控硬盘 6TB 7200转64M 监控设备套装配件 录像机专用监控硬盘 WD60PURX', 1560000621, 1, 'http://img13.360buyimg.com/n1/s450x450_jfs/t1/21002/36/9589/146274/5c7df053E49390aad/992bcb77e2d876c4.jpg', NULL),
(247, 1, 38, '东芝(TOSHIBA) 3TB 64MB 7200RPM 台式机机械硬盘 SATA接口 消费级系列 (DT01ACA300) 个人电脑与外部存储', '479.00', '【填充短描述】东芝(TOSHIBA) 3TB 64MB 7200RPM 台式机机械硬盘 SATA接口 消费级系列 (DT01ACA300) 个人电脑与外部存储', '【填充长描述】东芝(TOSHIBA) 3TB 64MB 7200RPM 台式机机械硬盘 SATA接口 消费级系列 (DT01ACA300) 个人电脑与外部存储', 1560000626, 1, 'http://img11.360buyimg.com/n1/s450x450_jfs/t5872/248/9263849597/319970/52789af7/5984b080N740870d3.jpg', NULL),
(248, 1, 38, '希捷(Seagate)4TB 256MB 5400RPM 台式机机械硬盘 SATA接口 希捷酷鱼BarraCuda系列(ST4000DM004)', '629.00', '【填充短描述】希捷(Seagate)4TB 256MB 5400RPM 台式机机械硬盘 SATA接口 希捷酷鱼BarraCuda系列(ST4000DM004)', '【填充长描述】希捷(Seagate)4TB 256MB 5400RPM 台式机机械硬盘 SATA接口 希捷酷鱼BarraCuda系列(ST4000DM004)', 1560000631, 1, 'http://img12.360buyimg.com/n1/s450x450_jfs/t1/29463/36/9740/323593/5c820502E5d3274e1/a595d505b9fd7ea7.jpg', NULL),
(249, 1, 38, '希捷(Seagate)1TB 64MB 7200RPM 台式机机械硬盘 SATA接口 希捷酷鱼BarraCuda系列(ST1000DM010)', '279.00', '【填充短描述】希捷(Seagate)1TB 64MB 7200RPM 台式机机械硬盘 SATA接口 希捷酷鱼BarraCuda系列(ST1000DM010)', '【填充长描述】希捷(Seagate)1TB 64MB 7200RPM 台式机机械硬盘 SATA接口 希捷酷鱼BarraCuda系列(ST1000DM010)', 1560000636, 1, 'http://img12.360buyimg.com/n1/s450x450_jfs/t1/10148/11/13551/296326/5c8204d2E52b3e010/88c623bdda0ef7ab.jpg', NULL),
(250, 1, 38, '西部数据(WD)蓝盘 1TB SATA6Gb/s 7200转64MB 台式机械硬盘(WD10EZEX)', '289.00', '【填充短描述】西部数据(WD)蓝盘 1TB SATA6Gb/s 7200转64MB 台式机械硬盘(WD10EZEX)', '【填充长描述】西部数据(WD)蓝盘 1TB SATA6Gb/s 7200转64MB 台式机械硬盘(WD10EZEX)', 1560000641, 1, 'http://img11.360buyimg.com/n1/s450x450_jfs/t1/20370/18/12959/151700/5c9b3166Ed15a774c/a1d888887e479860.jpg', NULL),
(251, 1, 38, '海康威视监控硬盘 机械硬盘4T电脑服务器设备套装录像主机台式nas专用SATA64M西部数据紫盘WD 西数 6TB (WD60PURX)', '1165.00', '【填充短描述】海康威视监控硬盘 机械硬盘4T电脑服务器设备套装录像主机台式nas专用SATA64M西部数据紫盘WD 西数 6TB (WD60PURX)', '【填充长描述】海康威视监控硬盘 机械硬盘4T电脑服务器设备套装录像主机台式nas专用SATA64M西部数据紫盘WD 西数 6TB (WD60PURX)', 1560000648, 1, 'http://img10.360buyimg.com/n1/jfs/t29221/190/1534520940/103552/29286713/5ce21536Ne01bb8b0.jpg', NULL),
(252, 1, 38, '西部数据（Western Digital）500GB SSD固态硬盘 M.2接口(NVMe协议) Black系列SN750-游戏高性能版｜五年质保', '699.00', '【填充短描述】西部数据（Western Digital）500GB SSD固态硬盘 M.2接口(NVMe协议) Black系列SN750-游戏高性能版｜五年质保', '【填充长描述】西部数据（Western Digital）500GB SSD固态硬盘 M.2接口(NVMe协议) Black系列SN750-游戏高性能版｜五年质保', 1560000662, 1, 'http://img10.360buyimg.com/n1/s450x450_jfs/t1/36827/33/607/105813/5cab1b19E6fab155c/a4e4d744e1b74b66.jpg', NULL),
(253, 1, 38, '英睿达（Crucial）500GB SSD固态硬盘 SATA3.0接口 MX500系列-精选3D NAND美光颗粒/五年质保', '399.00', '【填充短描述】英睿达（Crucial）500GB SSD固态硬盘 SATA3.0接口 MX500系列-精选3D NAND美光颗粒/五年质保', '【填充长描述】英睿达（Crucial）500GB SSD固态硬盘 SATA3.0接口 MX500系列-精选3D NAND美光颗粒/五年质保', 1560000667, 1, 'http://img10.360buyimg.com/n1/s450x450_jfs/t14575/277/1746934293/291797/b78e745c/5a56bf41Nac85a7af.jpg', NULL),
(254, 1, 38, '东芝(TOSHIBA) 480GB SSD固态硬盘 SATA3.0接口 TR200系列', '329.00', '【填充短描述】东芝(TOSHIBA) 480GB SSD固态硬盘 SATA3.0接口 TR200系列', '【填充长描述】东芝(TOSHIBA) 480GB SSD固态硬盘 SATA3.0接口 TR200系列', 1560000673, 1, 'http://img10.360buyimg.com/n1/s450x450_jfs/t1/16536/16/4967/242301/5c383673E4afdba37/15bcf7c959cf8521.jpg', NULL),
(255, 13, 38, '三星（SAMSUNG）250GB SSD固态硬盘 SATA3.0接口 860 EVO（MZ-76E250B）', '299.00', '【填充短描述】三星（SAMSUNG）250GB SSD固态硬盘 SATA3.0接口 860 EVO（MZ-76E250B）', '【填充长描述】三星（SAMSUNG）250GB SSD固态硬盘 SATA3.0接口 860 EVO（MZ-76E250B）', 1560000678, 1, 'http://img10.360buyimg.com/n1/s450x450_jfs/t25027/279/1994410610/120964/18425cab/5bc05552N2aa18fd8.jpg', NULL),
(256, 1, 38, '金士顿(Kingston) 240GB SSD固态硬盘 SATA3.0接口 A400系列', '219.00', '【填充短描述】金士顿(Kingston) 240GB SSD固态硬盘 SATA3.0接口 A400系列', '【填充长描述】金士顿(Kingston) 240GB SSD固态硬盘 SATA3.0接口 A400系列', 1560000683, 1, 'http://img13.360buyimg.com/n1/s450x450_jfs/t12391/320/1216333188/171521/651287d/5a1cd70fN72ba28f5.jpg', NULL);

-- --------------------------------------------------------

--
-- 表的结构 `news`
--

CREATE TABLE `news` (
  `id` int(11) NOT NULL,
  `author` int(11) NOT NULL DEFAULT '0',
  `title` longtext,
  `details` longtext,
  `add_time` int(2) DEFAULT NULL
) ENGINE=MyISAM DEFAULT CHARSET=utf8;

--
-- 转存表中的数据 `news`
--

INSERT INTO `news` (`id`, `author`, `title`, `details`, `add_time`) VALUES
(2, 1, '一图看懂小米手环4：大屏彩显，NFC版支持小爱同学', '<p>6月11日消息 今天下午小米在北京举行了小米手环4暨米家智能新品发布会，会上正式发布了小米手环4，采用了彩色显示屏，提供多彩腕带和各种个性化主题。接入了小爱同学，可以与米家智能家居互联。</p><p><img src=\"https://img.ithome.com/newsuploadfiles/2019/6/20190611_161219_869.jpg\" w=\"690\" h=\"958\" title=\"一图看懂小米手环4：大屏彩显，NFC版支持小爱同学\" data-original=\"https://img.ithome.com/newsuploadfiles/2019/6/20190611_161219_869.jpg\" width=\"690\" height=\"958\"></p><p>外观方面，小米手环4采用0.95英寸AMOLED高亮度彩屏，分辨率达到240*120，支持77种全彩表盘主题，一屏可显示45个汉字，显示屏盖板升级为2.5D耐刮花玻璃面板。</p><p>小米手环4内置6轴高精度传感器，支持5 ATM防水，支持了游泳、户外跑、室内跑、健走、锻炼、骑行六大运动模式。</p><p>小米手环4延续了小米手环3上的心率预警功能，心率过高时，手环会自动振动，提醒用户关注，并且小米手环4还支持久坐提醒。</p><p>另外，小米手环4 NFC版还内置了小爱同学，运动、闹钟、测心率等手环功能都能一句话唤起。作为腕上的智能家居控制中心，小米手环4 NFC版能够控制台灯、扫地机器人、智能门锁等家中电器。小米手环4（NFC版）支持多功能NFC，不仅能刷公交卡、门禁卡，而且还支持支付宝支付。</p><p>小米手环4会显示当前和未来一周的天气状况，除了天气之外，也可以查询汇率、股票、电影等众多日常信息。</p><p>小米手环4配备了135mAh电池，根据小米实验室测试数据，小米手环4标准版续航约20天，小米手环4 NFC版续航约15天。</p><p>小米手环4与小米手环3的腕带通用，共有石墨黑、热力橙、深空蓝、酒红、藕荷粉5种颜色（标准版）。此次小米手环4不仅内置了魔幻森林、梦幻泡泡等77款全彩表盘主题，而且联合秦时明月、守望先锋、吾皇万睡、阿狸、猪小屁、罗小黑等大热门IP，定制了小米手环4专属主题表盘。</p><p>此外，还有小米手环4复仇者联盟限量版，采用定制表盘、腕带、主题，售价349元。</p><p>小米手环4标准版售价169元，NFC版售价229元，今晚开启预约，14日上午10点开售。</p>', 1560307716),
(4, 1, '中国移动/联通/电信首批5G城市名单：有你的家乡吗？', '<p>6月7日消息&nbsp;6月6日，中国工业和信息化部向中国电信、中国移动、中国联通、中国广电发放5G牌照。这意味着，四家运营商将可以正式建设5G网络。标志着中国正式进入5G元年。</p><p><img src=\"https://img.ithome.com/newsuploadfiles/2019/6/20190607_073044_613.jpg\" w=\"562\" h=\"300\" title=\"中国移动/联通/电信首批5G城市名单：有你的家乡吗？\" data-original=\"https://img.ithome.com/newsuploadfiles/2019/6/20190607_073044_613.jpg\" width=\"562\" height=\"300\"></p><p>据国是直通车报道，中国移动表示，获得5G业务经营许可后，中国移动将加快5G网络部署，打造全球规模最大的5G精品网络，大力推进“5G+”计划，今年9月底前在超过40个城市提供5G服务，客户“不换卡”“不换号”就可开通5G服务，后续将持续扩大服务范围，让广大客户方便、快捷地使用5G业务，享受5G新技术带来的福利。</p><p>中国联通前期为5G商用做了充分的准备工作，在40个城市建设5G试验网络，并推出5G先锋友好体验计划。</p><p>中国联通称，牌照发放后，将视网络建设和终端供货情况继续扩大友好体验用户的范围和数量。目前，已在40个城市推出了5G演示体验厅，本周开始在40城市范围开展“走进联通．5G在身边”为主题的5G体验活动。</p><p>中国电信、中国移动、中国联通今年将分别在至少40个城市覆盖网络，并在部分城市推出5G服务。中国移动与中国联通选择的40城一致。</p><p>中国移动/联通首批5G城市名单：</p><blockquote><p><strong>北京、天津、上海、重庆、合肥、福州、兰州、广州、南宁、贵阳、海口、石家庄、郑州、哈尔滨、武汉、长沙、长春、南京、南昌、沈阳、呼和浩特、银川、西宁、济南、太原、西安、成都、拉萨、乌鲁木齐、昆明、杭州、大连、青岛、宁波、厦门、深圳、雄安、张家口、苏州、温州。</strong></p></blockquote><p>中国电信尚未披露40城市完整名单，但鹰潭、琼海是电信独有的首批5G城市。</p><p>中国电信已在<strong>北京、上海、重庆、广州、雄安、深圳、杭州、苏州、武汉、成都、福州、兰州、琼海、南京、海口、鹰潭、宁波</strong>17个城市进行5G规模测试和应用示范。在此基础上，将迅速扩大到40城市。并且不断优化网络覆盖，积极培育行业创新应用，不断满足人民日益增长的美好生活需要。</p><p>在资费方面，中国电信将视网络建设、产业链成熟度等情况，适时推出具备5G特征，满足用户高流量、多层次需求的资费套餐，为用户提供“用得上、用得起、用得好”的5G信息服务。</p><p><br></p>', 1560308205),
(5, 1, '《赛博朋克2077》将于2020年4月16日发售', '<p>6月10日消息&nbsp;今日早间，微软在E3展前发布会上公布大量内容，《赛博朋克2077》也正式宣布将于2020年4月16日发售。</p><p><img src=\"https://img.ithome.com/newsuploadfiles/2019/6/20190610_082914_892.png\" w=\"728\" h=\"378\" title=\"《赛博朋克2077》将于2020年4月16日发售\" data-original=\"https://img.ithome.com/newsuploadfiles/2019/6/20190610_082914_892.png\" width=\"728\" height=\"378\"></p><p><img src=\"https://img.ithome.com/newsuploadfiles/2019/6/20190610_082923_670.png\" w=\"728\" h=\"403\" title=\"《赛博朋克2077》将于2020年4月16日发售\" data-original=\"https://img.ithome.com/newsuploadfiles/2019/6/20190610_082923_670.png\" width=\"728\" height=\"403\"></p><p><img src=\"https://img.ithome.com/newsuploadfiles/2019/6/20190610_082923_928.png\" w=\"728\" h=\"411\" title=\"《赛博朋克2077》将于2020年4月16日发售\" data-original=\"https://img.ithome.com/newsuploadfiles/2019/6/20190610_082923_928.png\" width=\"728\" height=\"411\"></p><p>在E3游戏展的展前发布会上，CD Projekt RED发布《赛博朋克2077》游戏全新预告片，知名演员基努里维斯将出现在游戏中。官网信息来看，《赛博朋克2077》将会登陆PS4，Xbox和PC（GOG、STEAM和EPIC）五大平台。</p><p>据了解《赛博朋克2077》是一款开放世界游戏，动作冒险的故事发生在夜之城。这是一座五光十色的大都会，权力更迭和身体改造是不变的主题。您扮演一名野心勃勃的雇佣兵：V，正在追寻一种独一无二的植入体。只要得到它，就能掌握获得永生的关键。您可以自定义角色的义体、技能和玩法，探索包罗万象的城市。您做出的选择也将会对剧情和周遭的世界产生影响。</p><p><img src=\"https://img.ithome.com/newsuploadfiles/2019/6/20190610_083207_93.png\" w=\"654\" h=\"199\" title=\"《赛博朋克2077》将于2020年4月16日发售\" data-original=\"https://img.ithome.com/newsuploadfiles/2019/6/20190610_083207_93.png\" width=\"654\" height=\"199\"></p><p>目前steam已经开启预售，售价298元，该游戏将于2020年4月16日发售。</p>', 1560308456);

-- --------------------------------------------------------

--
-- 表的结构 `orders`
--

CREATE TABLE `orders` (
  `oid` int(11) NOT NULL COMMENT '订单id',
  `good_id` int(11) NOT NULL COMMENT '商品id',
  `creator` int(11) NOT NULL COMMENT '支付人',
  `shop_id` int(11) NOT NULL COMMENT '商户id',
  `pay` text NOT NULL COMMENT '支付方式',
  `status` int(11) NOT NULL COMMENT '状态',
  `package_com` int(11) NOT NULL COMMENT '物流公司',
  `package_no` int(11) NOT NULL COMMENT '物流号',
  `add_time` int(11) NOT NULL COMMENT '下单时间',
  `pay_time` int(11) NOT NULL COMMENT '支付时间',
  `save` longtext NOT NULL COMMENT '保留字段'
) ENGINE=InnoDB DEFAULT CHARSET=utf8;

-- --------------------------------------------------------

--
-- 表的结构 `shop`
--

CREATE TABLE `shop` (
  `shopid` int(11) NOT NULL,
  `shop_name` text NOT NULL COMMENT '商铺名',
  `logo_img` longtext COMMENT 'logo图像',
  `owner` text NOT NULL COMMENT '商铺管理员(用户名)',
  `add_time` int(11) NOT NULL COMMENT '商铺创建时间'
) ENGINE=MyISAM DEFAULT CHARSET=utf8 COMMENT='商铺';

--
-- 转存表中的数据 `shop`
--

INSERT INTO `shop` (`shopid`, `shop_name`, `logo_img`, `owner`, `add_time`) VALUES
(2, '一加 WHY官方旗舰店', 'https://i.loli.net/2020/05/20/ehqgL6vticTxk2s.png', 'merchant', 1560307716),
(4, '小米 WHY官方旗舰店', 'https://i.loli.net/2020/05/20/iV4KTQYhkAEL9HF.png', '', 1560308205),
(5, 'OPPO WHY官方旗舰店', 'https://i.loli.net/2020/05/20/sYfGVeZgi1w7LbR.png', '', 1560308456),
(6, '华为 WHY官方旗舰店', 'https://i.loli.net/2020/05/20/m3TyVEdi5YMC4Z2.png', '', 1589969452),
(7, 'SPALDING斯伯丁 WHY官方旗舰店', 'https://i.loli.net/2020/05/20/IwuavCHbsDNk5E6.png', '', 1589979537),
(8, '美商海盗船 WHY官方旗舰店', 'https://i.loli.net/2020/05/27/nDjNopZRELtHgVx.png', '', 1590590685),
(9, '诺基亚 WHY官方旗舰店', 'https://i.loli.net/2020/05/27/yEROBt8JqNSCTh5.png', '', 1589979537),
(10, 'vivo WHY官方旗舰店', 'https://i.loli.net/2020/05/27/KC7LBOsS8gFHzWl.png', '', 1589979537),
(11, '魅族 WHY官方旗舰店', 'https://i.loli.net/2020/05/27/DuZ7yRYevmUEjQq.png', '', 1589979537),
(12, 'Apple WHY官方旗舰店', 'https://i.loli.net/2020/05/27/1NxcrPeYfphM3m5.png', '', 1589979537),
(13, '三星 WHY官方旗舰店', 'https://i.loli.net/2020/05/27/aF8Nf7pWC16oKIS.png', '', 1589979537),
(14, '努比亚 WHY官方旗舰店', 'https://i.loli.net/2020/05/27/KqGfny3ZSNzmxoA.png', '', 1589979537),
(15, 'ikbc WHY官方旗舰店', 'https://i.loli.net/2020/05/27/os8PxgNhAqBGRS2.png', '', 1589979537),
(16, 'CHERRY WHY官方旗舰店', 'https://i.loli.net/2020/05/27/UCcS6n7zy9vFgMZ.png', '', 1589979537),
(17, '荣耀 WHY官方旗舰店', 'https://i.loli.net/2020/05/27/uT4q5BkUDjiMgOA.png', '', 1589979537),
(18, '联想 WHY官方旗舰店', 'https://i.loli.net/2020/05/27/XFxABrNsL3Mz1Zg.png', '', 1589969452),
(19, '戴尔 WHY官方旗舰店', 'https://i.loli.net/2020/05/27/yS3r28GzUkWRaLB.png', '', 1589979537),
(20, 'AOC WHY官方旗舰店', 'https://i.loli.net/2020/05/27/KwYOAk7bly5nPgX.png', '', 1589979537);

-- --------------------------------------------------------

--
-- 表的结构 `user`
--

CREATE TABLE `user` (
  `id` int(11) NOT NULL COMMENT '用户id',
  `username` varchar(255) NOT NULL COMMENT '用户名',
  `password` varchar(255) NOT NULL COMMENT '密码',
  `name` varchar(255) NOT NULL COMMENT '昵称',
  `email` varchar(255) NOT NULL COMMENT '邮箱',
  `loc_province` int(11) DEFAULT NULL,
  `loc_city` int(11) DEFAULT NULL,
  `loc_dist` int(11) DEFAULT NULL,
  `loc_location` varchar(255) DEFAULT NULL COMMENT '收货地址',
  `bought_goods` longtext COMMENT '已购买的商品',
  `status` int(1) NOT NULL DEFAULT '0' COMMENT '身份',
  `reg_time` int(255) NOT NULL COMMENT '注册时间',
  `log_time` int(11) NOT NULL DEFAULT '0' COMMENT '上次登录时间',
  `save` varchar(255) DEFAULT NULL COMMENT '保留字段'
) ENGINE=MyISAM DEFAULT CHARSET=utf8;

--
-- 转存表中的数据 `user`
--

INSERT INTO `user` (`id`, `username`, `password`, `name`, `email`, `loc_province`, `loc_city`, `loc_dist`, `loc_location`, `bought_goods`, `status`, `reg_time`, `log_time`, `save`) VALUES
(1, 'hjthjthjt', 'E10ADC3949BA59ABBE56E057F20F883E', 'hjthjthjt', 'i@jakting.com', 28, 2544, 2545, '湖南科技大学计算机学院', '', 3, 1559606400, 1590647852, NULL),
(2, 'user', 'E10ADC3949BA59ABBE56E057F20F883E', 'User', 'user@jakting.com', 0, 0, 0, '', '', 1, 0, 1589782457, NULL),
(6, 'wfq', '202cb962ac59075b964b07152d234b70', 'wfqqqqqqq', '233@33.com', 28, 2544, 2545, 'ABAA', NULL, 1, 1560331767, 1560331767, NULL),
(7, 'merchant', 'e10adc3949ba59abbe56e057f20f883e', 'Merchant', 'sj@a.com', 1, 72, 2839, '这是一个商家', NULL, 2, 1589783225, 1590657782, NULL),
(10, 'b', '92eb5ffee6ae2fec3ad71c777531578f', 'b', 'b@b.cn', 1, 72, 2839, 'b', NULL, 0, 1589796868, 1589797224, NULL),
(19, 'test', 'e10adc3949ba59abbe56e057f20f883e', 'test', 's', NULL, NULL, NULL, NULL, '[{\"id\":2,\"time\":1590659832},{\"id\":22,\"time\":1590659832}]', 1, 1590147499, 1590658657, NULL);

--
-- 转储表的索引
--

--
-- 表的索引 `cate`
--
ALTER TABLE `cate`
  ADD PRIMARY KEY (`cid`);

--
-- 表的索引 `cate_s`
--
ALTER TABLE `cate_s`
  ADD PRIMARY KEY (`sid`);

--
-- 表的索引 `complaints`
--
ALTER TABLE `complaints`
  ADD PRIMARY KEY (`comp_id`);

--
-- 表的索引 `consultions`
--
ALTER TABLE `consultions`
  ADD PRIMARY KEY (`id`);

--
-- 表的索引 `goods`
--
ALTER TABLE `goods`
  ADD PRIMARY KEY (`id`);

--
-- 表的索引 `news`
--
ALTER TABLE `news`
  ADD PRIMARY KEY (`id`);

--
-- 表的索引 `orders`
--
ALTER TABLE `orders`
  ADD PRIMARY KEY (`oid`);

--
-- 表的索引 `shop`
--
ALTER TABLE `shop`
  ADD PRIMARY KEY (`shopid`);

--
-- 表的索引 `user`
--
ALTER TABLE `user`
  ADD PRIMARY KEY (`id`);

--
-- 在导出的表使用AUTO_INCREMENT
--

--
-- 使用表AUTO_INCREMENT `cate`
--
ALTER TABLE `cate`
  MODIFY `cid` int(11) NOT NULL AUTO_INCREMENT, AUTO_INCREMENT=13;

--
-- 使用表AUTO_INCREMENT `cate_s`
--
ALTER TABLE `cate_s`
  MODIFY `sid` int(11) NOT NULL AUTO_INCREMENT, AUTO_INCREMENT=68;

--
-- 使用表AUTO_INCREMENT `complaints`
--
ALTER TABLE `complaints`
  MODIFY `comp_id` int(11) NOT NULL AUTO_INCREMENT COMMENT '投诉id';

--
-- 使用表AUTO_INCREMENT `consultions`
--
ALTER TABLE `consultions`
  MODIFY `id` int(11) NOT NULL AUTO_INCREMENT COMMENT '咨询id';

--
-- 使用表AUTO_INCREMENT `goods`
--
ALTER TABLE `goods`
  MODIFY `id` int(11) NOT NULL AUTO_INCREMENT COMMENT '商品id', AUTO_INCREMENT=257;

--
-- 使用表AUTO_INCREMENT `news`
--
ALTER TABLE `news`
  MODIFY `id` int(11) NOT NULL AUTO_INCREMENT, AUTO_INCREMENT=6;

--
-- 使用表AUTO_INCREMENT `orders`
--
ALTER TABLE `orders`
  MODIFY `oid` int(11) NOT NULL AUTO_INCREMENT COMMENT '订单id';

--
-- 使用表AUTO_INCREMENT `shop`
--
ALTER TABLE `shop`
  MODIFY `shopid` int(11) NOT NULL AUTO_INCREMENT, AUTO_INCREMENT=22;

--
-- 使用表AUTO_INCREMENT `user`
--
ALTER TABLE `user`
  MODIFY `id` int(11) NOT NULL AUTO_INCREMENT COMMENT '用户id', AUTO_INCREMENT=20;
COMMIT;

/*!40101 SET CHARACTER_SET_CLIENT=@OLD_CHARACTER_SET_CLIENT */;
/*!40101 SET CHARACTER_SET_RESULTS=@OLD_CHARACTER_SET_RESULTS */;
/*!40101 SET COLLATION_CONNECTION=@OLD_COLLATION_CONNECTION */;
